"id_etat_pointage","id_pointage","date_etat","date_maj","etat","id_agent","version"
"1","1","2015-03-11T10:55:58.101","2015-03-11T10:55:58.101","0","9005453","0"
"486","48","2015-03-15T23:59:00.000","2015-03-20T07:59:24.018","1","9003353","0"
"3","3","2015-03-11T11:06:07.368","2015-03-11T11:06:07.368","0","9005453","0"
"4","4","2015-03-11T11:07:19.860","2015-03-11T11:07:19.860","0","9005453","0"
"487","55","2015-03-15T23:59:00.000","2015-03-20T07:59:24.629","1","9003353","0"
"6","6","2015-03-11T11:08:10.795","2015-03-11T11:08:10.795","0","9005453","0"
"7","7","2015-03-11T11:09:55.422","2015-03-11T11:09:55.422","0","9005089","0"
"8","8","2015-03-11T11:09:55.424","2015-03-11T11:09:55.424","0","9005089","0"
"9","9","2015-03-11T11:09:55.424","2015-03-11T11:09:55.424","0","9005089","0"
"10","9","2015-03-11T11:14:07.546","2015-03-11T11:14:07.546","1","9005089","0"
"11","8","2015-03-11T11:14:27.811","2015-03-11T11:14:27.811","1","9005089","0"
"12","7","2015-03-11T11:14:36.005","2015-03-11T11:14:36.005","1","9005089","0"
"13","10","2015-03-12T17:35:12.716","2015-03-12T17:35:12.716","0","9005613","0"
"14","11","2015-03-12T17:35:12.831","2015-03-12T17:35:12.831","0","9005613","0"
"15","12","2015-03-12T17:35:12.921","2015-03-12T17:35:12.921","0","9005613","0"
"16","13","2015-03-12T17:35:13.042","2015-03-12T17:35:13.042","0","9005613","0"
"17","14","2015-03-12T17:36:19.477","2015-03-12T17:36:19.477","0","9005613","0"
"18","15","2015-03-12T17:36:19.572","2015-03-12T17:36:19.572","0","9005613","0"
"19","16","2015-03-12T17:36:19.646","2015-03-12T17:36:19.646","0","9005613","0"
"20","17","2015-03-12T17:36:19.733","2015-03-12T17:36:19.733","0","9005613","0"
"21","17","2015-03-12T17:45:29.985","2015-03-12T17:45:29.985","1","9005613","0"
"22","16","2015-03-12T17:45:30.548","2015-03-12T17:45:30.548","1","9005613","0"
"23","15","2015-03-12T17:45:31.158","2015-03-12T17:45:31.158","1","9005613","0"
"24","14","2015-03-12T17:45:31.744","2015-03-12T17:45:31.744","1","9005613","0"
"25","13","2015-03-12T17:45:48.887","2015-03-12T17:45:48.887","1","9005613","0"
"26","12","2015-03-12T17:45:49.433","2015-03-12T17:45:49.433","1","9005613","0"
"27","11","2015-03-12T17:45:50.030","2015-03-12T17:45:50.030","1","9005613","0"
"28","10","2015-03-12T17:45:50.580","2015-03-12T17:45:50.580","1","9005613","0"
"29","17","2015-03-12T17:47:23.254","2015-03-12T17:47:23.254","1","9005613","0"
"488","54","2015-03-15T23:59:00.000","2015-03-20T07:59:25.202","1","9003353","0"
"489","53","2015-03-15T23:59:00.000","2015-03-20T07:59:25.791","1","9003353","0"
"32","20","2015-03-13T09:51:09.094","2015-03-13T09:51:09.094","0","9005374","0"
"33","21","2015-03-13T09:51:09.094","2015-03-13T09:51:09.094","0","9005374","0"
"34","13","2015-03-16T08:52:01.671","2015-03-16T08:52:01.671","4","9004955","0"
"35","12","2015-03-16T08:52:01.671","2015-03-16T08:52:01.671","4","9004955","0"
"36","11","2015-03-16T08:52:01.671","2015-03-16T08:52:01.671","4","9004955","0"
"37","10","2015-03-16T08:52:01.671","2015-03-16T08:52:01.671","4","9004955","0"
"38","1","2015-03-15T23:59:00.000","2015-03-16T08:54:52.807","1","9004955","0"
"39","6","2015-03-15T23:59:00.000","2015-03-16T08:55:04.805","1","9004955","0"
"40","6","2015-03-16T08:56:01.374","2015-03-16T08:56:01.374","4","9004955","0"
"41","1","2015-03-16T08:56:01.809","2015-03-16T08:56:01.809","4","9004955","0"
"42","21","2015-03-15T23:59:00.000","2015-03-16T09:03:05.256","1","9004955","0"
"43","20","2015-03-15T23:59:00.000","2015-03-16T09:03:05.945","1","9004955","0"
"44","21","2015-03-16T09:04:00.361","2015-03-16T09:04:00.361","4","9004955","0"
"45","20","2015-03-16T09:04:00.361","2015-03-16T09:04:00.361","4","9004955","0"
"46","17","2015-03-16T09:06:01.106","2015-03-16T09:06:01.106","4","9004955","0"
"47","16","2015-03-16T09:06:01.106","2015-03-16T09:06:01.106","4","9004955","0"
"48","15","2015-03-16T09:06:01.106","2015-03-16T09:06:01.106","4","9004955","0"
"49","14","2015-03-16T09:06:01.106","2015-03-16T09:06:01.106","4","9004955","0"
"50","9","2015-03-16T09:06:01.386","2015-03-16T09:06:01.386","4","9004955","0"
"51","8","2015-03-16T09:06:01.386","2015-03-16T09:06:01.386","4","9004955","0"
"52","7","2015-03-16T09:06:01.386","2015-03-16T09:06:01.386","4","9004955","0"
"490","52","2015-03-15T23:59:00.000","2015-03-20T07:59:26.346","1","9003353","0"
"491","59","2015-03-15T23:59:00.000","2015-03-20T07:59:26.891","1","9003353","0"
"492","58","2015-03-15T23:59:00.000","2015-03-20T07:59:27.447","1","9003353","0"
"493","57","2015-03-15T23:59:00.000","2015-03-20T07:59:27.963","1","9003353","0"
"494","56","2015-03-15T23:59:00.000","2015-03-20T07:59:28.505","1","9003353","0"
"495","63","2015-03-15T23:59:00.000","2015-03-20T07:59:29.032","1","9003353","0"
"496","62","2015-03-15T23:59:00.000","2015-03-20T07:59:29.606","1","9003353","0"
"497","61","2015-03-15T23:59:00.000","2015-03-20T07:59:30.152","1","9003353","0"
"498","60","2015-03-15T23:59:00.000","2015-03-20T07:59:30.658","1","9003353","0"
"499","67","2015-03-20T08:30:58.655","2015-03-20T08:30:58.655","0","9005129","0"
"500","68","2015-03-20T08:30:58.704","2015-03-20T08:30:58.704","0","9005129","0"
"65","25","2015-03-16T13:24:38.745","2015-03-16T13:24:38.745","0","9004228","0"
"63","23","2015-03-16T13:16:48.697","2015-03-16T13:25:13.485","0","9004228","1"
"66","26","2015-03-16T13:26:16.138","2015-03-16T13:26:16.138","0","9004228","0"
"67","27","2015-03-16T13:30:23.340","2015-03-16T13:30:23.340","0","9004228","0"
"68","28","2015-03-16T13:30:23.401","2015-03-16T13:30:23.401","0","9004228","0"
"69","29","2015-03-16T13:30:23.450","2015-03-16T13:30:23.450","0","9004228","0"
"501","69","2015-03-20T08:30:58.755","2015-03-20T08:30:58.755","0","9005129","0"
"502","70","2015-03-20T08:30:58.805","2015-03-20T08:30:58.805","0","9005129","0"
"72","32","2015-03-16T13:34:01.427","2015-03-16T13:34:01.427","0","9004228","0"
"73","33","2015-03-16T13:34:01.482","2015-03-16T13:34:01.482","0","9004228","0"
"503","71","2015-03-20T08:34:17.597","2015-03-20T08:34:17.597","0","9005129","0"
"504","72","2015-03-20T08:34:17.654","2015-03-20T08:34:17.654","0","9005129","0"
"76","36","2015-03-16T13:38:16.640","2015-03-16T13:38:16.640","0","9004228","0"
"77","37","2015-03-16T13:38:16.642","2015-03-16T13:38:16.642","0","9004228","0"
"78","38","2015-03-16T13:40:52.907","2015-03-16T13:40:52.907","0","9004228","0"
"79","39","2015-03-16T13:40:52.908","2015-03-16T13:40:52.908","0","9004228","0"
"80","40","2015-03-16T13:43:25.913","2015-03-16T13:43:25.913","0","9004228","0"
"81","41","2015-03-16T13:43:25.968","2015-03-16T13:43:25.968","0","9004228","0"
"505","73","2015-03-20T08:36:04.763","2015-03-20T08:36:04.763","0","9005129","0"
"506","74","2015-03-20T08:36:04.827","2015-03-20T08:36:04.827","0","9005129","0"
"82","42","2015-03-16T13:46:09.716","2015-03-16T13:46:09.716","0","9004228","0"
"83","17","2015-03-16T13:55:00.359","2015-03-16T13:55:00.359","7","9005138","0"
"84","16","2015-03-16T13:55:00.359","2015-03-16T13:55:00.359","7","9005138","0"
"85","15","2015-03-16T13:55:00.359","2015-03-16T13:55:00.359","7","9005138","0"
"86","14","2015-03-16T13:55:00.359","2015-03-16T13:55:00.359","7","9005138","0"
"87","9","2015-03-16T13:55:00.769","2015-03-16T13:55:00.769","7","9005138","0"
"88","8","2015-03-16T13:55:00.769","2015-03-16T13:55:00.769","7","9005138","0"
"89","7","2015-03-16T13:55:00.769","2015-03-16T13:55:00.769","7","9005138","0"
"508","48","2015-03-20T08:44:01.680","2015-03-20T08:44:01.680","4","9004955","0"
"91","44","2015-03-16T13:57:55.043","2015-03-16T13:57:55.043","0","9004228","0"
"92","45","2015-03-16T13:57:55.043","2015-03-16T13:57:55.043","0","9004228","0"
"93","21","2015-03-16T14:00:00.207","2015-03-16T14:00:00.207","7","9005138","0"
"94","20","2015-03-16T14:00:00.207","2015-03-16T14:00:00.207","7","9005138","0"
"95","46","2015-03-16T15:00:03.847","2015-03-16T15:00:03.847","0","9004228","0"
"96","47","2015-03-16T15:00:04.179","2015-03-16T15:00:04.179","0","9004228","0"
"97","48","2015-03-18T14:21:45.271","2015-03-18T14:21:45.271","0","9005129","0"
"98","49","2015-03-18T14:41:02.929","2015-03-18T14:41:02.929","0","9005129","0"
"99","50","2015-03-18T14:45:44.487","2015-03-18T14:45:44.487","0","9005129","0"
"100","51","2015-03-18T15:07:05.784","2015-03-18T15:07:05.784","0","9005129","0"
"101","52","2015-03-18T15:07:05.836","2015-03-18T15:07:05.836","0","9005129","0"
"102","53","2015-03-18T15:07:05.888","2015-03-18T15:07:05.888","0","9005129","0"
"103","54","2015-03-18T15:07:05.939","2015-03-18T15:07:05.939","0","9005129","0"
"104","55","2015-03-18T15:07:05.988","2015-03-18T15:07:05.988","0","9005129","0"
"105","56","2015-03-18T15:07:06.036","2015-03-18T15:07:06.036","0","9005129","0"
"106","57","2015-03-18T15:23:49.177","2015-03-18T15:23:49.177","0","9005129","0"
"107","58","2015-03-18T15:23:49.242","2015-03-18T15:23:49.242","0","9005129","0"
"108","59","2015-03-18T15:32:51.357","2015-03-18T15:32:51.357","0","9005129","0"
"109","60","2015-03-18T15:32:51.408","2015-03-18T15:32:51.408","0","9005129","0"
"110","61","2015-03-18T15:32:51.458","2015-03-18T15:32:51.458","0","9005129","0"
"111","62","2015-03-18T15:32:51.510","2015-03-18T15:32:51.510","0","9005129","0"
"112","63","2015-03-18T15:32:51.559","2015-03-18T15:32:51.559","0","9005129","0"
"113","64","2015-03-18T15:32:51.607","2015-03-18T15:32:51.607","0","9005129","0"
"114","65","2015-03-18T15:40:23.750","2015-03-18T15:40:23.750","0","9005129","0"
"115","66","2015-03-18T15:40:23.751","2015-03-18T15:40:23.751","0","9005129","0"
"509","50","2015-03-20T08:44:01.680","2015-03-20T08:44:01.680","4","9004955","0"
"168","3","2015-03-15T23:59:00.000","2015-03-19T14:19:00.758","1","9003353","0"
"169","4","2015-03-15T23:59:00.000","2015-03-19T14:19:01.307","1","9003353","0"
"170","64","2015-03-15T23:59:00.000","2015-03-19T14:19:01.828","1","9003353","0"
"171","65","2015-03-15T23:59:00.000","2015-03-19T14:19:02.371","1","9003353","0"
"172","66","2015-03-15T23:59:00.000","2015-03-19T14:19:02.931","1","9003353","0"
"464","23","2015-03-15T23:59:00.000","2015-03-19T15:59:26.903","1","9004955","0"
"465","25","2015-03-15T23:59:00.000","2015-03-19T15:59:28.497","1","9004955","0"
"466","27","2015-03-15T23:59:00.000","2015-03-19T15:59:29.856","1","9004955","0"
"467","26","2015-03-15T23:59:00.000","2015-03-19T15:59:31.198","1","9004955","0"
"468","29","2015-03-15T23:59:00.000","2015-03-19T15:59:32.510","1","9004955","0"
"469","28","2015-03-15T23:59:00.000","2015-03-19T15:59:33.807","1","9004955","0"
"470","32","2015-03-15T23:59:00.000","2015-03-19T15:59:35.151","1","9004955","0"
"471","33","2015-03-15T23:59:00.000","2015-03-19T15:59:36.524","1","9004955","0"
"472","38","2015-03-15T23:59:00.000","2015-03-19T15:59:36.540","1","9004955","0"
"473","39","2015-03-15T23:59:00.000","2015-03-19T15:59:36.556","1","9004955","0"
"474","36","2015-03-15T23:59:00.000","2015-03-19T15:59:36.556","1","9004955","0"
"475","37","2015-03-15T23:59:00.000","2015-03-19T15:59:36.571","1","9004955","0"
"476","42","2015-03-15T23:59:00.000","2015-03-19T15:59:37.914","1","9004955","0"
"477","40","2015-03-15T23:59:00.000","2015-03-19T15:59:39.164","1","9004955","0"
"478","41","2015-03-15T23:59:00.000","2015-03-19T15:59:39.195","1","9004955","0"
"479","46","2015-03-15T23:59:00.000","2015-03-19T15:59:39.211","1","9004955","0"
"480","47","2015-03-15T23:59:00.000","2015-03-19T15:59:39.211","1","9004955","0"
"481","44","2015-03-15T23:59:00.000","2015-03-19T15:59:39.226","1","9004955","0"
"482","45","2015-03-15T23:59:00.000","2015-03-19T15:59:39.226","1","9004955","0"
"483","51","2015-03-15T23:59:00.000","2015-03-19T15:59:40.444","1","9004955","0"
"484","50","2015-03-15T23:59:00.000","2015-03-19T15:59:41.693","1","9004955","0"
"485","49","2015-03-15T23:59:00.000","2015-03-19T15:59:43.036","1","9004955","0"
"507","75","2015-03-20T08:43:46.276","2015-03-20T08:43:46.276","0","9005129","0"
"510","58","2015-03-20T08:44:01.680","2015-03-20T08:44:01.680","4","9004955","0"
"511","57","2015-03-20T08:44:01.680","2015-03-20T08:44:01.680","4","9004955","0"
"512","66","2015-03-20T08:44:02.058","2015-03-20T08:44:02.058","4","9004955","0"
"513","65","2015-03-20T08:44:02.058","2015-03-20T08:44:02.058","4","9004955","0"
"514","56","2015-03-20T08:44:03.634","2015-03-20T08:44:03.634","4","9004955","0"
"515","55","2015-03-20T08:44:03.634","2015-03-20T08:44:03.634","4","9004955","0"
"516","54","2015-03-20T08:44:03.634","2015-03-20T08:44:03.634","4","9004955","0"
"517","53","2015-03-20T08:44:03.634","2015-03-20T08:44:03.634","4","9004955","0"
"518","52","2015-03-20T08:44:03.634","2015-03-20T08:44:03.634","4","9004955","0"
"519","51","2015-03-20T08:44:03.634","2015-03-20T08:44:03.634","4","9004955","0"
"520","64","2015-03-20T08:44:03.634","2015-03-20T08:44:03.634","4","9004955","0"
"521","63","2015-03-20T08:44:03.634","2015-03-20T08:44:03.634","4","9004955","0"
"522","62","2015-03-20T08:44:03.634","2015-03-20T08:44:03.634","4","9004955","0"
"523","61","2015-03-20T08:44:03.634","2015-03-20T08:44:03.634","4","9004955","0"
"524","60","2015-03-20T08:44:03.634","2015-03-20T08:44:03.634","4","9004955","0"
"525","59","2015-03-20T08:44:03.634","2015-03-20T08:44:03.634","4","9004955","0"
"526","49","2015-03-20T08:44:04.987","2015-03-20T08:44:04.987","4","9004955","0"
"527","26","2015-03-20T08:46:01.109","2015-03-20T08:46:01.109","4","9004955","0"
"528","23","2015-03-20T08:46:01.109","2015-03-20T08:46:01.109","4","9004955","0"
"529","47","2015-03-20T08:46:01.109","2015-03-20T08:46:01.109","4","9004955","0"
"530","46","2015-03-20T08:46:01.109","2015-03-20T08:46:01.109","4","9004955","0"
"531","25","2015-03-20T08:46:01.815","2015-03-20T08:46:01.815","4","9004955","0"
"532","37","2015-03-20T08:46:01.815","2015-03-20T08:46:01.815","4","9004955","0"
"533","36","2015-03-20T08:46:01.815","2015-03-20T08:46:01.815","4","9004955","0"
"534","42","2015-03-20T08:46:02.735","2015-03-20T08:46:02.735","4","9004955","0"
"535","33","2015-03-20T08:46:02.735","2015-03-20T08:46:02.735","4","9004955","0"
"536","32","2015-03-20T08:46:02.735","2015-03-20T08:46:02.735","4","9004955","0"
"537","45","2015-03-20T08:46:02.735","2015-03-20T08:46:02.735","4","9004955","0"
"538","44","2015-03-20T08:46:02.735","2015-03-20T08:46:02.735","4","9004955","0"
"539","40","2015-03-20T08:46:03.464","2015-03-20T08:46:03.464","4","9004955","0"
"540","41","2015-03-20T08:46:03.464","2015-03-20T08:46:03.464","4","9004955","0"
"547","3","2015-03-20T08:48:01.110","2015-03-20T08:48:01.110","4","9004955","0"
"552","58","2015-03-20T09:00:01.217","2015-03-20T09:00:01.217","7","9004955","0"
"553","57","2015-03-20T09:00:01.217","2015-03-20T09:00:01.217","7","9004955","0"
"554","50","2015-03-20T09:00:01.217","2015-03-20T09:00:01.217","7","9004955","0"
"555","48","2015-03-20T09:00:01.217","2015-03-20T09:00:01.217","7","9004955","0"
"560","1","2015-03-20T09:00:06.341","2015-03-20T09:00:06.341","7","9004955","0"
"574","4","2015-03-20T09:00:07.397","2015-03-20T09:00:07.397","7","9004955","0"
"575","47","2015-03-20T09:05:00.384","2015-03-20T09:05:00.384","7","9004955","0"
"576","46","2015-03-20T09:05:00.384","2015-03-20T09:05:00.384","7","9004955","0"
"577","26","2015-03-20T09:05:00.384","2015-03-20T09:05:00.384","7","9004955","0"
"578","23","2015-03-20T09:05:00.384","2015-03-20T09:05:00.384","7","9004955","0"
"584","37","2015-03-20T09:05:00.818","2015-03-20T09:05:00.818","7","9004955","0"
"585","36","2015-03-20T09:05:00.818","2015-03-20T09:05:00.818","7","9004955","0"
"586","25","2015-03-20T09:05:00.818","2015-03-20T09:05:00.818","7","9004955","0"
"589","45","2015-03-20T09:05:01.069","2015-03-20T09:05:01.069","7","9004955","0"
"590","44","2015-03-20T09:05:01.069","2015-03-20T09:05:01.069","7","9004955","0"
"591","42","2015-03-20T09:05:01.069","2015-03-20T09:05:01.069","7","9004955","0"
"592","33","2015-03-20T09:05:01.069","2015-03-20T09:05:01.069","7","9004955","0"
"593","32","2015-03-20T09:05:01.069","2015-03-20T09:05:01.069","7","9004955","0"
"541","29","2015-03-20T08:46:04.340","2015-03-20T08:46:04.340","4","9004955","0"
"542","28","2015-03-20T08:46:04.340","2015-03-20T08:46:04.340","4","9004955","0"
"543","27","2015-03-20T08:46:04.340","2015-03-20T08:46:04.340","4","9004955","0"
"544","39","2015-03-20T08:46:04.340","2015-03-20T08:46:04.340","4","9004955","0"
"545","38","2015-03-20T08:46:04.340","2015-03-20T08:46:04.340","4","9004955","0"
"546","4","2015-03-20T08:48:00.524","2015-03-20T08:48:00.524","4","9004955","0"
"548","13","2015-03-20T09:00:00.690","2015-03-20T09:00:00.690","7","9004955","0"
"549","12","2015-03-20T09:00:00.690","2015-03-20T09:00:00.690","7","9004955","0"
"550","11","2015-03-20T09:00:00.690","2015-03-20T09:00:00.690","7","9004955","0"
"551","10","2015-03-20T09:00:00.690","2015-03-20T09:00:00.690","7","9004955","0"
"556","66","2015-03-20T09:00:05.005","2015-03-20T09:00:05.005","7","9004955","0"
"557","65","2015-03-20T09:00:05.005","2015-03-20T09:00:05.005","7","9004955","0"
"558","49","2015-03-20T09:00:05.546","2015-03-20T09:00:05.546","7","9004955","0"
"559","6","2015-03-20T09:00:05.921","2015-03-20T09:00:05.921","7","9004955","0"
"561","64","2015-03-20T09:00:06.648","2015-03-20T09:00:06.648","7","9004955","0"
"562","63","2015-03-20T09:00:06.648","2015-03-20T09:00:06.648","7","9004955","0"
"563","62","2015-03-20T09:00:06.648","2015-03-20T09:00:06.648","7","9004955","0"
"564","61","2015-03-20T09:00:06.648","2015-03-20T09:00:06.648","7","9004955","0"
"565","60","2015-03-20T09:00:06.648","2015-03-20T09:00:06.648","7","9004955","0"
"566","59","2015-03-20T09:00:06.648","2015-03-20T09:00:06.648","7","9004955","0"
"567","56","2015-03-20T09:00:06.648","2015-03-20T09:00:06.648","7","9004955","0"
"568","55","2015-03-20T09:00:06.648","2015-03-20T09:00:06.648","7","9004955","0"
"569","54","2015-03-20T09:00:06.648","2015-03-20T09:00:06.648","7","9004955","0"
"570","53","2015-03-20T09:00:06.648","2015-03-20T09:00:06.648","7","9004955","0"
"571","52","2015-03-20T09:00:06.648","2015-03-20T09:00:06.648","7","9004955","0"
"572","51","2015-03-20T09:00:06.648","2015-03-20T09:00:06.648","7","9004955","0"
"573","3","2015-03-20T09:00:07.145","2015-03-20T09:00:07.145","7","9004955","0"
"579","39","2015-03-20T09:05:00.673","2015-03-20T09:05:00.673","7","9004955","0"
"580","38","2015-03-20T09:05:00.673","2015-03-20T09:05:00.673","7","9004955","0"
"581","29","2015-03-20T09:05:00.673","2015-03-20T09:05:00.673","7","9004955","0"
"582","28","2015-03-20T09:05:00.673","2015-03-20T09:05:00.673","7","9004955","0"
"583","27","2015-03-20T09:05:00.673","2015-03-20T09:05:00.673","7","9004955","0"
"587","41","2015-03-20T09:05:00.929","2015-03-20T09:05:00.929","7","9004955","0"
"588","40","2015-03-20T09:05:00.929","2015-03-20T09:05:00.929","7","9004955","0"
"594","76","2015-03-20T09:39:18.952","2015-03-20T09:39:18.952","0","9005129","0"
"595","77","2015-03-20T09:39:19.003","2015-03-20T09:39:19.003","0","9005129","0"
"596","78","2015-03-20T09:39:19.061","2015-03-20T09:39:19.061","0","9005129","0"
"597","79","2015-03-20T09:39:19.114","2015-03-20T09:39:19.114","0","9005129","0"
"598","80","2015-03-20T09:39:19.164","2015-03-20T09:39:19.164","0","9005129","0"
"599","81","2015-03-20T09:39:19.219","2015-03-20T09:39:19.219","0","9005129","0"
"600","82","2015-03-20T09:39:19.268","2015-03-20T09:39:19.268","0","9005129","0"
"601","83","2015-03-20T09:39:19.269","2015-03-20T09:39:19.269","0","9005129","0"
"602","84","2015-03-20T09:39:19.269","2015-03-20T09:39:19.269","0","9005129","0"
"605","64","2015-03-23T14:35:10.273","2015-03-23T14:35:10.273","9","9004955","0"
"606","58","2015-03-23T14:35:10.273","2015-03-23T14:35:10.273","9","9004955","0"
"607","57","2015-03-23T14:35:10.273","2015-03-23T14:35:10.273","9","9004955","0"
"608","63","2015-03-23T14:35:10.273","2015-03-23T14:35:10.273","9","9004955","0"
"609","51","2015-03-23T14:35:10.273","2015-03-23T14:35:10.273","9","9004955","0"
"610","62","2015-03-23T14:35:10.273","2015-03-23T14:35:10.273","9","9004955","0"
"611","6","2015-03-23T14:35:10.273","2015-03-23T14:35:10.273","9","9004955","0"
"612","48","2015-03-23T14:35:10.273","2015-03-23T14:35:10.273","9","9004955","0"
"613","66","2015-03-23T14:35:10.273","2015-03-23T14:35:10.273","9","9004955","0"
"614","52","2015-03-23T14:35:10.273","2015-03-23T14:35:10.273","9","9004955","0"
"615","54","2015-03-23T14:35:10.273","2015-03-23T14:35:10.273","9","9004955","0"
"616","59","2015-03-23T14:35:10.273","2015-03-23T14:35:10.273","9","9004955","0"
"617","50","2015-03-23T14:35:10.273","2015-03-23T14:35:10.273","9","9004955","0"
"618","55","2015-03-23T14:35:10.273","2015-03-23T14:35:10.273","9","9004955","0"
"619","56","2015-03-23T14:35:10.273","2015-03-23T14:35:10.273","9","9004955","0"
"620","11","2015-03-23T14:35:10.273","2015-03-23T14:35:10.273","9","9004955","0"
"621","65","2015-03-23T14:35:10.273","2015-03-23T14:35:10.273","9","9004955","0"
"622","53","2015-03-23T14:35:10.273","2015-03-23T14:35:10.273","9","9004955","0"
"623","10","2015-03-23T14:35:10.273","2015-03-23T14:35:10.273","9","9004955","0"
"624","49","2015-03-23T14:35:10.273","2015-03-23T14:35:10.273","9","9004955","0"
"625","60","2015-03-23T14:35:10.273","2015-03-23T14:35:10.273","9","9004955","0"
"626","61","2015-03-23T14:35:10.273","2015-03-23T14:35:10.273","9","9004955","0"
"627","1","2015-03-23T14:35:10.273","2015-03-23T14:35:10.273","9","9004955","0"
"628","12","2015-03-23T14:35:10.273","2015-03-23T14:35:10.273","9","9004955","0"
"629","13","2015-03-23T14:35:10.273","2015-03-23T14:35:10.273","9","9004955","0"
"630","38","2015-03-23T14:50:11.883","2015-03-23T14:50:11.883","9","9004955","0"
"631","23","2015-03-23T14:50:11.883","2015-03-23T14:50:11.883","9","9004955","0"
"632","42","2015-03-23T14:50:11.883","2015-03-23T14:50:11.883","9","9004955","0"
"633","39","2015-03-23T14:50:11.883","2015-03-23T14:50:11.883","9","9004955","0"
"634","28","2015-03-23T14:50:11.883","2015-03-23T14:50:11.883","9","9004955","0"
"635","7","2015-03-23T14:50:11.883","2015-03-23T14:50:11.883","9","9004955","0"
"636","17","2015-03-23T14:50:11.883","2015-03-23T14:50:11.883","9","9004955","0"
"637","47","2015-03-23T14:50:11.883","2015-03-23T14:50:11.883","9","9004955","0"
"638","25","2015-03-23T14:50:11.883","2015-03-23T14:50:11.883","9","9004955","0"
"639","36","2015-03-23T14:50:11.883","2015-03-23T14:50:11.883","9","9004955","0"
"640","27","2015-03-23T14:50:11.883","2015-03-23T14:50:11.883","9","9004955","0"
"641","29","2015-03-23T14:50:11.883","2015-03-23T14:50:11.883","9","9004955","0"
"642","21","2015-03-23T14:50:11.883","2015-03-23T14:50:11.883","9","9004955","0"
"643","16","2015-03-23T14:50:11.883","2015-03-23T14:50:11.883","9","9004955","0"
"644","14","2015-03-23T14:50:11.883","2015-03-23T14:50:11.883","9","9004955","0"
"645","9","2015-03-23T14:50:11.883","2015-03-23T14:50:11.883","9","9004955","0"
"646","45","2015-03-23T14:50:11.883","2015-03-23T14:50:11.883","9","9004955","0"
"647","46","2015-03-23T14:50:11.883","2015-03-23T14:50:11.883","9","9004955","0"
"648","3","2015-03-23T14:50:11.883","2015-03-23T14:50:11.883","9","9004955","0"
"649","8","2015-03-23T14:50:11.883","2015-03-23T14:50:11.883","9","9004955","0"
"650","15","2015-03-23T14:50:11.883","2015-03-23T14:50:11.883","9","9004955","0"
"651","33","2015-03-23T14:50:11.883","2015-03-23T14:50:11.883","9","9004955","0"
"652","32","2015-03-23T14:50:11.883","2015-03-23T14:50:11.883","9","9004955","0"
"653","37","2015-03-23T14:50:11.883","2015-03-23T14:50:11.883","9","9004955","0"
"654","40","2015-03-23T14:50:11.883","2015-03-23T14:50:11.883","9","9004955","0"
"655","4","2015-03-23T14:50:11.883","2015-03-23T14:50:11.883","9","9004955","0"
"656","26","2015-03-23T14:50:11.883","2015-03-23T14:50:11.883","9","9004955","0"
"657","41","2015-03-23T14:50:11.883","2015-03-23T14:50:11.883","9","9004955","0"
"658","20","2015-03-23T14:50:11.883","2015-03-23T14:50:11.883","9","9004955","0"
"659","44","2015-03-23T14:50:11.883","2015-03-23T14:50:11.883","9","9004955","0"
"661","86","2015-03-24T15:56:41.124","2015-03-24T15:56:41.124","0","9005453","0"
"662","87","2015-03-24T15:56:41.124","2015-03-24T15:56:41.124","0","9005453","0"
"663","88","2015-03-25T09:16:29.801","2015-03-25T09:16:29.801","0","9005138","0"
"664","89","2015-03-25T09:16:29.872","2015-03-25T09:16:29.872","0","9005138","0"
"665","90","2015-03-25T09:17:23.027","2015-03-25T09:17:23.027","0","9005138","0"
"666","91","2015-03-25T09:17:23.123","2015-03-25T09:17:23.123","0","9005138","0"
"667","92","2015-03-25T09:18:36.241","2015-03-25T09:18:36.241","0","9005138","0"
"676","101","2015-03-26T14:31:23.275","2015-03-26T14:31:23.275","0","9005217","0"
"677","102","2015-03-26T14:31:23.275","2015-03-26T14:31:23.275","0","9005217","0"
"678","103","2015-03-26T14:32:48.590","2015-03-26T14:32:48.590","0","9005546","0"
"679","104","2015-03-26T14:32:48.592","2015-03-26T14:32:48.592","0","9005546","0"
"680","105","2015-03-26T14:32:48.592","2015-03-26T14:32:48.592","0","9005546","0"
"681","106","2015-03-26T14:32:48.592","2015-03-26T14:32:48.592","0","9005546","0"
"682","107","2015-03-26T14:32:48.592","2015-03-26T14:32:48.592","0","9005546","0"
"683","108","2015-03-26T14:39:44.206","2015-03-26T14:39:44.206","0","9003730","0"
"684","109","2015-03-26T14:39:44.208","2015-03-26T14:39:44.208","0","9003730","0"
"685","110","2015-03-27T15:05:49.486","2015-03-27T15:05:49.486","0","9005217","0"
"686","111","2015-03-27T15:05:49.488","2015-03-27T15:05:49.488","0","9005217","0"
"687","112","2015-03-27T15:05:49.488","2015-03-27T15:05:49.488","0","9005217","0"
"688","113","2015-03-27T15:05:49.488","2015-03-27T15:05:49.488","0","9005217","0"
"689","114","2015-03-27T15:05:49.488","2015-03-27T15:05:49.488","0","9005217","0"
"690","115","2015-03-27T15:06:49.102","2015-03-27T15:06:49.102","0","9005217","0"
"691","116","2015-03-27T15:06:49.105","2015-03-27T15:06:49.105","0","9005217","0"
"692","117","2015-03-27T15:06:49.105","2015-03-27T15:06:49.105","0","9005217","0"
"693","118","2015-03-27T15:07:23.200","2015-03-27T15:07:23.200","0","9005217","0"
"694","119","2015-03-27T15:07:23.204","2015-03-27T15:07:23.204","0","9005217","0"
"695","120","2015-03-27T15:07:23.204","2015-03-27T15:07:23.204","0","9005217","0"
"716","141","2015-03-30T09:21:39.208","2015-03-30T09:21:39.208","0","9005217","0"
"717","142","2015-03-30T09:21:39.210","2015-03-30T09:21:39.210","0","9005217","0"
"718","143","2015-03-30T09:21:39.210","2015-03-30T09:21:39.210","0","9005217","0"
"719","144","2015-03-30T09:21:39.210","2015-03-30T09:21:39.210","0","9005217","0"
"720","145","2015-03-30T09:21:39.210","2015-03-30T09:21:39.210","0","9005217","0"
"721","146","2015-03-30T09:22:22.933","2015-03-30T09:22:22.933","0","9005217","0"
"722","147","2015-03-30T09:22:22.935","2015-03-30T09:22:22.935","0","9005217","0"
"723","148","2015-03-30T09:22:22.935","2015-03-30T09:22:22.935","0","9005217","0"
"724","149","2015-03-30T09:22:22.935","2015-03-30T09:22:22.935","0","9005217","0"
"725","150","2015-03-30T09:22:22.935","2015-03-30T09:22:22.935","0","9005217","0"
"726","151","2015-03-30T09:22:59.465","2015-03-30T09:22:59.465","0","9005217","0"
"727","152","2015-03-30T09:22:59.467","2015-03-30T09:22:59.467","0","9005217","0"
"728","153","2015-03-30T09:22:59.468","2015-03-30T09:22:59.468","0","9005217","0"
"729","154","2015-03-30T09:22:59.468","2015-03-30T09:22:59.468","0","9005217","0"
"696","121","2015-03-27T15:17:30.837","2015-03-27T15:17:30.837","0","9005217","0"
"697","122","2015-03-27T15:17:30.839","2015-03-27T15:17:30.839","0","9005217","0"
"698","123","2015-03-27T15:17:30.839","2015-03-27T15:17:30.839","0","9005217","0"
"699","124","2015-03-27T15:17:30.839","2015-03-27T15:17:30.839","0","9005217","0"
"700","125","2015-03-27T15:17:30.839","2015-03-27T15:17:30.839","0","9005217","0"
"701","126","2015-03-27T15:17:56.361","2015-03-27T15:17:56.361","0","9005217","0"
"702","127","2015-03-27T15:17:56.363","2015-03-27T15:17:56.363","0","9005217","0"
"703","128","2015-03-27T15:17:56.363","2015-03-27T15:17:56.363","0","9005217","0"
"704","129","2015-03-27T15:17:56.363","2015-03-27T15:17:56.363","0","9005217","0"
"705","130","2015-03-27T15:17:56.363","2015-03-27T15:17:56.363","0","9005217","0"
"706","131","2015-03-27T15:18:28.623","2015-03-27T15:18:28.623","0","9005217","0"
"707","132","2015-03-27T15:18:28.625","2015-03-27T15:18:28.625","0","9005217","0"
"708","133","2015-03-27T15:18:28.625","2015-03-27T15:18:28.625","0","9005217","0"
"709","134","2015-03-27T15:18:28.625","2015-03-27T15:18:28.625","0","9005217","0"
"710","135","2015-03-27T15:18:28.625","2015-03-27T15:18:28.625","0","9005217","0"
"711","136","2015-03-27T15:19:22.489","2015-03-27T15:19:22.489","0","9005217","0"
"712","137","2015-03-27T15:19:22.490","2015-03-27T15:19:22.490","0","9005217","0"
"713","138","2015-03-27T15:19:22.491","2015-03-27T15:19:22.491","0","9005217","0"
"714","139","2015-03-27T15:19:22.491","2015-03-27T15:19:22.491","0","9005217","0"
"715","140","2015-03-27T15:19:22.491","2015-03-27T15:19:22.491","0","9005217","0"
"740","165","2015-03-30T09:36:45.584","2015-03-30T09:36:45.584","0","9005217","0"
"741","166","2015-03-30T09:36:45.585","2015-03-30T09:36:45.585","0","9005217","0"
"742","167","2015-03-30T09:37:27.222","2015-03-30T09:37:27.222","0","9005217","0"
"744","169","2015-03-30T10:08:42.247","2015-03-30T10:08:42.247","0","9005129","0"
"745","170","2015-03-30T10:08:42.312","2015-03-30T10:08:42.312","0","9005129","0"
"746","171","2015-03-30T10:08:42.388","2015-03-30T10:08:42.388","0","9005129","0"
"747","172","2015-03-30T10:08:42.441","2015-03-30T10:08:42.441","0","9005129","0"
"748","173","2015-03-30T10:08:42.495","2015-03-30T10:08:42.495","0","9005129","0"
"749","174","2015-03-30T10:08:42.554","2015-03-30T10:08:42.554","0","9005129","0"
"750","175","2015-03-30T13:18:33.431","2015-03-30T13:18:33.431","0","9005546","0"
"751","176","2015-03-30T13:18:33.436","2015-03-30T13:18:33.436","0","9005546","0"
"752","177","2015-03-30T13:18:33.436","2015-03-30T13:18:33.436","0","9005546","0"
"753","178","2015-03-30T13:18:33.437","2015-03-30T13:18:33.437","0","9005546","0"
"754","179","2015-03-30T13:18:33.437","2015-03-30T13:18:33.437","0","9005546","0"
"755","180","2015-03-30T13:21:25.346","2015-03-30T13:21:25.346","0","9005546","0"
"756","181","2015-03-30T13:21:25.348","2015-03-30T13:21:25.348","0","9005546","0"
"757","182","2015-03-30T13:21:25.348","2015-03-30T13:21:25.348","0","9005546","0"
"758","183","2015-03-30T13:21:25.348","2015-03-30T13:21:25.348","0","9005546","0"
"759","184","2015-03-30T13:21:25.349","2015-03-30T13:21:25.349","0","9005546","0"
"765","190","2015-03-30T13:23:59.892","2015-03-30T13:23:59.892","0","9005546","0"
"766","191","2015-03-30T13:23:59.892","2015-03-30T13:23:59.892","0","9005546","0"
"767","192","2015-03-30T13:23:59.892","2015-03-30T13:23:59.892","0","9005546","0"
"768","193","2015-03-30T13:23:59.892","2015-03-30T13:23:59.892","0","9005546","0"
"769","194","2015-03-30T13:25:18.802","2015-03-30T13:25:18.802","0","9005546","0"
"770","195","2015-03-30T13:25:18.804","2015-03-30T13:25:18.804","0","9005546","0"
"771","196","2015-03-30T13:25:18.804","2015-03-30T13:25:18.804","0","9005546","0"
"787","212","2015-03-30T13:47:36.341","2015-03-30T13:47:36.341","0","9005546","0"
"788","213","2015-03-30T13:47:36.341","2015-03-30T13:47:36.341","0","9005546","0"
"789","214","2015-03-30T13:47:36.341","2015-03-30T13:47:36.341","0","9005546","0"
"790","215","2015-03-30T13:47:36.342","2015-03-30T13:47:36.342","0","9005546","0"
"791","216","2015-03-30T13:47:36.342","2015-03-30T13:47:36.342","0","9005546","0"
"792","217","2015-03-30T13:51:14.864","2015-03-30T13:51:14.864","0","9005546","0"
"793","218","2015-03-30T13:51:14.865","2015-03-30T13:51:14.865","0","9005546","0"
"794","219","2015-03-30T13:51:14.865","2015-03-30T13:51:14.865","0","9005546","0"
"795","220","2015-03-30T13:51:14.865","2015-03-30T13:51:14.865","0","9005546","0"
"796","221","2015-03-30T13:51:14.865","2015-03-30T13:51:14.865","0","9005546","0"
"797","222","2015-03-30T13:52:07.929","2015-03-30T13:52:07.929","0","9005546","0"
"798","223","2015-03-30T13:52:07.931","2015-03-30T13:52:07.931","0","9005546","0"
"799","224","2015-03-30T13:52:07.931","2015-03-30T13:52:07.931","0","9005546","0"
"800","225","2015-03-30T13:52:07.931","2015-03-30T13:52:07.931","0","9005546","0"
"801","226","2015-03-30T13:52:07.931","2015-03-30T13:52:07.931","0","9005546","0"
"802","227","2015-03-30T13:52:55.386","2015-03-30T13:52:55.386","0","9005546","0"
"803","228","2015-03-30T13:52:55.387","2015-03-30T13:52:55.387","0","9005546","0"
"804","229","2015-03-30T13:52:55.388","2015-03-30T13:52:55.388","0","9005546","0"
"805","230","2015-03-30T13:52:55.388","2015-03-30T13:52:55.388","0","9005546","0"
"806","231","2015-03-30T13:52:55.388","2015-03-30T13:52:55.388","0","9005546","0"
"807","232","2015-03-30T13:53:44.036","2015-03-30T13:53:44.036","0","9005546","0"
"808","233","2015-03-30T13:53:44.038","2015-03-30T13:53:44.038","0","9005546","0"
"809","234","2015-03-30T14:08:35.949","2015-03-30T14:08:35.949","0","9005453","0"
"810","235","2015-03-30T14:08:36.910","2015-03-30T14:08:36.910","0","9005453","0"
"811","235","2015-03-30T14:08:36.910","2015-03-30T14:08:36.910","1","9004645","0"
"812","236","2015-03-30T14:09:48.635","2015-03-30T14:09:48.635","0","9005453","0"
"813","237","2015-03-30T14:11:18.580","2015-03-30T14:11:18.580","0","9005453","0"
"814","238","2015-03-30T14:11:53.364","2015-03-30T14:11:53.364","0","9005453","0"
"815","239","2015-03-30T14:12:45.473","2015-03-30T14:12:45.473","0","9005453","0"
"816","240","2015-03-30T14:13:25.480","2015-03-30T14:13:25.480","0","9005453","0"
"817","241","2015-03-30T14:13:58.535","2015-03-30T14:13:58.535","0","9005453","0"
"819","243","2015-03-30T14:30:13.087","2015-03-30T14:30:13.087","0","9003730","0"
"820","244","2015-03-30T14:30:13.087","2015-03-30T14:30:13.087","0","9003730","0"
"822","246","2015-03-30T14:34:03.945","2015-03-30T14:34:03.945","0","9005217","0"
"823","247","2015-03-30T14:34:03.945","2015-03-30T14:34:03.945","0","9005217","0"
"824","248","2015-03-30T14:35:00.715","2015-03-30T14:35:00.715","0","9005217","0"
"825","249","2015-03-30T14:35:00.717","2015-03-30T14:35:00.717","0","9005217","0"
"826","250","2015-03-30T14:37:21.292","2015-03-30T14:37:21.292","0","9005217","0"
"827","251","2015-03-30T14:37:53.821","2015-03-30T14:37:53.821","0","9005217","0"
"828","252","2015-03-30T14:37:53.822","2015-03-30T14:37:53.822","0","9005217","0"
"829","253","2015-03-30T14:37:53.822","2015-03-30T14:37:53.822","0","9005217","0"
"830","254","2015-03-30T14:38:10.490","2015-03-30T14:38:10.490","0","9005217","0"
"831","255","2015-03-30T14:39:39.862","2015-03-30T14:39:39.862","0","9005217","0"
"832","256","2015-03-30T14:39:39.863","2015-03-30T14:39:39.863","0","9005217","0"
"833","257","2015-03-30T14:39:39.863","2015-03-30T14:39:39.863","0","9005217","0"
"834","258","2015-03-30T14:39:39.863","2015-03-30T14:39:39.863","0","9005217","0"
"835","259","2015-03-30T14:39:39.863","2015-03-30T14:39:39.863","0","9005217","0"
"836","260","2015-03-30T14:41:53.167","2015-03-30T14:41:53.167","0","9005217","0"
"837","261","2015-03-30T14:41:53.169","2015-03-30T14:41:53.169","0","9005217","0"
"838","262","2015-03-30T14:41:53.169","2015-03-30T14:41:53.169","0","9005217","0"
"839","263","2015-03-30T14:41:53.169","2015-03-30T14:41:53.169","0","9005217","0"
"840","264","2015-03-30T14:41:53.169","2015-03-30T14:41:53.169","0","9005217","0"
"841","265","2015-03-30T14:42:05.538","2015-03-30T14:42:05.538","0","9005546","0"
"842","266","2015-03-30T14:43:23.824","2015-03-30T14:43:23.824","0","9005546","0"
"843","267","2015-03-30T14:43:23.824","2015-03-30T14:43:23.824","0","9005546","0"
"844","268","2015-03-30T14:43:40.629","2015-03-30T14:43:40.629","0","9005217","0"
"845","269","2015-03-30T14:43:40.631","2015-03-30T14:43:40.631","0","9005217","0"
"846","270","2015-03-30T14:43:40.631","2015-03-30T14:43:40.631","0","9005217","0"
"847","271","2015-03-30T14:43:40.631","2015-03-30T14:43:40.631","0","9005217","0"
"848","272","2015-03-30T14:43:40.631","2015-03-30T14:43:40.631","0","9005217","0"
"854","278","2015-03-30T14:44:20.190","2015-03-30T14:44:20.190","0","9005546","0"
"855","279","2015-03-30T14:44:20.192","2015-03-30T14:44:20.192","0","9005546","0"
"856","280","2015-03-30T14:44:32.959","2015-03-30T14:44:32.959","0","9005217","0"
"857","281","2015-03-30T14:44:32.959","2015-03-30T14:44:32.959","0","9005217","0"
"858","282","2015-03-30T14:44:32.959","2015-03-30T14:44:32.959","0","9005217","0"
"859","283","2015-03-30T14:44:32.959","2015-03-30T14:44:32.959","0","9005217","0"
"860","284","2015-03-30T14:44:58.635","2015-03-30T14:44:58.635","0","9005217","0"
"861","285","2015-03-30T14:44:58.637","2015-03-30T14:44:58.637","0","9005217","0"
"862","286","2015-03-30T15:01:46.698","2015-03-30T15:01:46.698","0","9005217","0"
"863","287","2015-03-30T15:01:46.699","2015-03-30T15:01:46.699","0","9005217","0"
"864","288","2015-03-30T15:01:46.699","2015-03-30T15:01:46.699","0","9005217","0"
"865","289","2015-03-30T15:01:46.699","2015-03-30T15:01:46.699","0","9005217","0"
"866","290","2015-03-30T15:01:46.699","2015-03-30T15:01:46.699","0","9005217","0"
"872","296","2015-03-30T15:02:34.017","2015-03-30T15:02:34.017","0","9005217","0"
"875","103","2015-03-30T15:09:46.389","2015-03-30T15:09:46.389","1","9005155","0"
"877","299","2015-03-30T15:10:23.827","2015-03-30T15:10:23.827","0","9005217","0"
"878","300","2015-03-30T15:10:23.829","2015-03-30T15:10:23.829","0","9005217","0"
"879","301","2015-03-30T15:10:23.829","2015-03-30T15:10:23.829","0","9005217","0"
"880","302","2015-03-30T15:10:23.829","2015-03-30T15:10:23.829","0","9005217","0"
"881","303","2015-03-30T15:10:23.829","2015-03-30T15:10:23.829","0","9005217","0"
"882","104","2015-03-30T15:10:41.552","2015-03-30T15:10:41.552","1","9005155","0"
"883","105","2015-03-30T15:10:48.023","2015-03-30T15:10:48.023","1","9005155","0"
"884","106","2015-03-30T15:10:52.657","2015-03-30T15:10:52.657","1","9005155","0"
"885","107","2015-03-30T15:10:56.961","2015-03-30T15:10:56.961","1","9005155","0"
"886","212","2015-03-30T15:11:00.962","2015-03-30T15:11:00.962","1","9005155","0"
"887","213","2015-03-30T15:11:05.722","2015-03-30T15:11:05.722","1","9005155","0"
"888","214","2015-03-30T15:11:09.479","2015-03-30T15:11:09.479","1","9005155","0"
"889","215","2015-03-30T15:11:13.086","2015-03-30T15:11:13.086","1","9005155","0"
"890","216","2015-03-30T15:11:16.418","2015-03-30T15:11:16.418","1","9005155","0"
"867","291","2015-03-30T15:02:11.465","2015-03-30T15:02:11.465","0","9005217","0"
"868","292","2015-03-30T15:02:11.472","2015-03-30T15:02:11.472","0","9005217","0"
"869","293","2015-03-30T15:02:11.472","2015-03-30T15:02:11.472","0","9005217","0"
"870","294","2015-03-30T15:02:11.472","2015-03-30T15:02:11.472","0","9005217","0"
"871","295","2015-03-30T15:02:11.472","2015-03-30T15:02:11.472","0","9005217","0"
"873","297","2015-03-30T15:03:49.730","2015-03-30T15:03:49.730","0","9005217","0"
"874","298","2015-03-30T15:03:49.733","2015-03-30T15:03:49.733","0","9005217","0"
"876","102","2015-03-30T15:10:16.824","2015-03-30T15:10:16.824","1","9005155","0"
"891","179","2015-03-30T15:30:17.248","2015-03-30T15:30:17.248","1","9005155","0"
"892","184","2015-03-30T15:30:24.210","2015-03-30T15:30:24.210","1","9005155","0"
"893","193","2015-03-30T15:30:33.739","2015-03-30T15:30:33.739","1","9005155","0"
"894","267","2015-03-30T15:30:37.745","2015-03-30T15:30:37.745","1","9005155","0"
"895","279","2015-03-30T15:30:45.340","2015-03-30T15:30:45.340","1","9005155","0"
"896","266","2015-03-30T15:30:48.452","2015-03-30T15:30:48.452","1","9005155","0"
"897","278","2015-03-30T15:31:02.494","2015-03-30T15:31:02.494","1","9005155","0"
"898","265","2015-03-30T15:31:02.500","2015-03-30T15:31:02.500","1","9005155","0"
"899","196","2015-03-30T15:31:02.504","2015-03-30T15:31:02.504","1","9005155","0"
"900","195","2015-03-30T15:31:02.507","2015-03-30T15:31:02.507","1","9005155","0"
"901","194","2015-03-30T15:31:02.509","2015-03-30T15:31:02.509","1","9005155","0"
"902","192","2015-03-30T15:31:02.511","2015-03-30T15:31:02.511","1","9005155","0"
"903","191","2015-03-30T15:31:02.514","2015-03-30T15:31:02.514","1","9005155","0"
"904","190","2015-03-30T15:31:02.516","2015-03-30T15:31:02.516","1","9005155","0"
"905","183","2015-03-30T15:31:02.520","2015-03-30T15:31:02.520","1","9005155","0"
"906","182","2015-03-30T15:31:02.522","2015-03-30T15:31:02.522","1","9005155","0"
"907","181","2015-03-30T15:31:02.524","2015-03-30T15:31:02.524","1","9005155","0"
"908","180","2015-03-30T15:31:02.527","2015-03-30T15:31:02.527","1","9005155","0"
"909","178","2015-03-30T15:31:02.529","2015-03-30T15:31:02.529","1","9005155","0"
"910","177","2015-03-30T15:31:02.531","2015-03-30T15:31:02.531","1","9005155","0"
"911","176","2015-03-30T15:31:02.534","2015-03-30T15:31:02.534","1","9005155","0"
"912","175","2015-03-30T15:31:02.537","2015-03-30T15:31:02.537","1","9005155","0"
"913","101","2015-03-31T09:09:47.074","2015-03-31T09:09:47.074","1","9005155","0"
"914","246","2015-03-31T09:09:58.704","2015-03-31T09:09:58.704","1","9005155","0"
"915","110","2015-03-31T09:11:24.230","2015-03-31T09:11:24.230","1","9005155","0"
"916","111","2015-03-31T09:11:27.975","2015-03-31T09:11:27.975","1","9005155","0"
"917","112","2015-03-31T09:11:33.684","2015-03-31T09:11:33.684","1","9005155","0"
"918","120","2015-03-31T09:12:17.925","2015-03-31T09:12:17.925","1","9005155","0"
"919","119","2015-03-31T09:12:21.226","2015-03-31T09:12:21.226","1","9005155","0"
"920","118","2015-03-31T09:12:24.246","2015-03-31T09:12:24.246","1","9005155","0"
"921","117","2015-03-31T09:12:27.632","2015-03-31T09:12:27.632","1","9005155","0"
"922","116","2015-03-31T09:12:30.842","2015-03-31T09:12:30.842","1","9005155","0"
"923","115","2015-03-31T09:12:33.585","2015-03-31T09:12:33.585","1","9005155","0"
"924","114","2015-03-31T09:12:36.525","2015-03-31T09:12:36.525","1","9005155","0"
"925","113","2015-03-31T09:12:39.656","2015-03-31T09:12:39.656","1","9005155","0"
"926","248","2015-03-31T09:14:02.459","2015-03-31T09:14:02.459","1","9005155","0"
"927","140","2015-03-31T09:14:05.957","2015-03-31T09:14:05.957","1","9005155","0"
"928","139","2015-03-31T09:14:08.996","2015-03-31T09:14:08.996","1","9005155","0"
"929","138","2015-03-31T09:14:11.695","2015-03-31T09:14:11.695","1","9005155","0"
"930","249","2015-03-31T09:14:16.584","2015-03-31T09:14:16.584","1","9005155","0"
"931","137","2015-03-31T09:14:16.588","2015-03-31T09:14:16.588","1","9005155","0"
"932","136","2015-03-31T09:14:16.592","2015-03-31T09:14:16.592","1","9005155","0"
"933","135","2015-03-31T09:14:16.598","2015-03-31T09:14:16.598","1","9005155","0"
"934","134","2015-03-31T09:14:16.601","2015-03-31T09:14:16.601","1","9005155","0"
"935","133","2015-03-31T09:14:16.603","2015-03-31T09:14:16.603","1","9005155","0"
"936","132","2015-03-31T09:14:16.608","2015-03-31T09:14:16.608","1","9005155","0"
"937","131","2015-03-31T09:14:16.611","2015-03-31T09:14:16.611","1","9005155","0"
"938","130","2015-03-31T09:14:16.615","2015-03-31T09:14:16.615","1","9005155","0"
"939","129","2015-03-31T09:14:16.618","2015-03-31T09:14:16.618","1","9005155","0"
"940","128","2015-03-31T09:14:16.621","2015-03-31T09:14:16.621","1","9005155","0"
"941","127","2015-03-31T09:14:16.625","2015-03-31T09:14:16.625","1","9005155","0"
"942","126","2015-03-31T09:14:16.629","2015-03-31T09:14:16.629","1","9005155","0"
"943","125","2015-03-31T09:14:16.633","2015-03-31T09:14:16.633","1","9005155","0"
"944","124","2015-03-31T09:14:16.636","2015-03-31T09:14:16.636","1","9005155","0"
"945","123","2015-03-31T09:14:16.640","2015-03-31T09:14:16.640","1","9005155","0"
"946","122","2015-03-31T09:14:16.643","2015-03-31T09:14:16.643","1","9005155","0"
"947","121","2015-03-31T09:14:16.647","2015-03-31T09:14:16.647","1","9005155","0"
"948","253","2015-03-31T09:17:31.483","2015-03-31T09:17:31.483","1","9005155","0"
"949","254","2015-03-31T09:17:37.133","2015-03-31T09:17:37.133","1","9005155","0"
"950","252","2015-03-31T09:17:37.137","2015-03-31T09:17:37.137","1","9005155","0"
"951","251","2015-03-31T09:17:37.141","2015-03-31T09:17:37.141","1","9005155","0"
"952","250","2015-03-31T09:17:37.147","2015-03-31T09:17:37.147","1","9005155","0"
"953","167","2015-03-31T09:17:37.152","2015-03-31T09:17:37.152","1","9005155","0"
"954","166","2015-03-31T09:17:37.156","2015-03-31T09:17:37.156","1","9005155","0"
"955","165","2015-03-31T09:17:37.160","2015-03-31T09:17:37.160","1","9005155","0"
"956","154","2015-03-31T09:17:37.163","2015-03-31T09:17:37.163","1","9005155","0"
"957","153","2015-03-31T09:17:37.165","2015-03-31T09:17:37.165","1","9005155","0"
"958","152","2015-03-31T09:17:37.168","2015-03-31T09:17:37.168","1","9005155","0"
"959","151","2015-03-31T09:17:37.171","2015-03-31T09:17:37.171","1","9005155","0"
"960","150","2015-03-31T09:17:37.174","2015-03-31T09:17:37.174","1","9005155","0"
"961","149","2015-03-31T09:17:37.177","2015-03-31T09:17:37.177","1","9005155","0"
"962","148","2015-03-31T09:17:37.180","2015-03-31T09:17:37.180","1","9005155","0"
"963","147","2015-03-31T09:17:37.182","2015-03-31T09:17:37.182","1","9005155","0"
"964","146","2015-03-31T09:17:37.184","2015-03-31T09:17:37.184","1","9005155","0"
"965","145","2015-03-31T09:17:37.187","2015-03-31T09:17:37.187","1","9005155","0"
"966","144","2015-03-31T09:17:37.189","2015-03-31T09:17:37.189","1","9005155","0"
"967","143","2015-03-31T09:17:37.192","2015-03-31T09:17:37.192","1","9005155","0"
"968","142","2015-03-31T09:17:37.195","2015-03-31T09:17:37.195","1","9005155","0"
"969","141","2015-03-31T09:17:37.198","2015-03-31T09:17:37.198","1","9005155","0"
"970","258","2015-03-31T09:20:34.434","2015-03-31T09:20:34.434","1","9005155","0"
"971","257","2015-03-31T09:20:38.246","2015-03-31T09:20:38.246","1","9005155","0"
"972","259","2015-03-31T09:20:45.941","2015-03-31T09:20:45.941","2","9005155","0"
"973","256","2015-03-31T09:20:58.870","2015-03-31T09:20:58.870","2","9005155","0"
"974","255","2015-03-31T09:21:31.272","2015-03-31T09:21:31.272","1","9005155","0"
"975","285","2015-03-31T09:22:10.287","2015-03-31T09:22:10.287","1","9005155","0"
"976","284","2015-03-31T09:22:10.289","2015-03-31T09:22:10.289","1","9005155","0"
"977","283","2015-03-31T09:22:10.291","2015-03-31T09:22:10.291","1","9005155","0"
"978","282","2015-03-31T09:22:10.294","2015-03-31T09:22:10.294","1","9005155","0"
"979","281","2015-03-31T09:22:10.296","2015-03-31T09:22:10.296","1","9005155","0"
"980","280","2015-03-31T09:22:10.298","2015-03-31T09:22:10.298","1","9005155","0"
"981","272","2015-03-31T09:22:10.301","2015-03-31T09:22:10.301","1","9005155","0"
"982","271","2015-03-31T09:22:10.303","2015-03-31T09:22:10.303","1","9005155","0"
"983","270","2015-03-31T09:22:10.306","2015-03-31T09:22:10.306","1","9005155","0"
"984","269","2015-03-31T09:22:10.308","2015-03-31T09:22:10.308","1","9005155","0"
"985","268","2015-03-31T09:22:10.310","2015-03-31T09:22:10.310","1","9005155","0"
"986","264","2015-03-31T09:22:10.313","2015-03-31T09:22:10.313","1","9005155","0"
"987","263","2015-03-31T09:22:10.315","2015-03-31T09:22:10.315","1","9005155","0"
"988","262","2015-03-31T09:22:10.317","2015-03-31T09:22:10.317","1","9005155","0"
"989","261","2015-03-31T09:22:10.320","2015-03-31T09:22:10.320","1","9005155","0"
"990","260","2015-03-31T09:22:10.322","2015-03-31T09:22:10.322","1","9005155","0"
"991","303","2015-03-31T09:32:22.739","2015-03-31T09:32:22.739","1","9005155","0"
"992","302","2015-03-31T09:32:22.744","2015-03-31T09:32:22.744","1","9005155","0"
"993","301","2015-03-31T09:32:22.747","2015-03-31T09:32:22.747","1","9005155","0"
"994","300","2015-03-31T09:32:22.751","2015-03-31T09:32:22.751","1","9005155","0"
"995","299","2015-03-31T09:32:22.754","2015-03-31T09:32:22.754","1","9005155","0"
"996","298","2015-03-31T09:32:22.758","2015-03-31T09:32:22.758","1","9005155","0"
"997","297","2015-03-31T09:32:22.762","2015-03-31T09:32:22.762","1","9005155","0"
"998","296","2015-03-31T09:32:22.766","2015-03-31T09:32:22.766","1","9005155","0"
"999","295","2015-03-31T09:32:22.769","2015-03-31T09:32:22.769","1","9005155","0"
"1000","294","2015-03-31T09:32:22.772","2015-03-31T09:32:22.772","1","9005155","0"
"1001","293","2015-03-31T09:32:22.776","2015-03-31T09:32:22.776","1","9005155","0"
"1002","292","2015-03-31T09:32:22.779","2015-03-31T09:32:22.779","1","9005155","0"
"1003","291","2015-03-31T09:32:22.783","2015-03-31T09:32:22.783","1","9005155","0"
"1004","290","2015-03-31T09:32:22.787","2015-03-31T09:32:22.787","1","9005155","0"
"1005","289","2015-03-31T09:32:22.791","2015-03-31T09:32:22.791","1","9005155","0"
"1006","288","2015-03-31T09:32:22.794","2015-03-31T09:32:22.794","1","9005155","0"
"1007","287","2015-03-31T09:32:22.798","2015-03-31T09:32:22.798","1","9005155","0"
"1008","286","2015-03-31T09:32:22.801","2015-03-31T09:32:22.801","1","9005155","0"
"1009","233","2015-03-31T09:43:16.758","2015-03-31T09:43:16.758","1","9005155","0"
"1010","232","2015-03-31T09:43:16.761","2015-03-31T09:43:16.761","1","9005155","0"
"1011","231","2015-03-31T09:43:16.764","2015-03-31T09:43:16.764","1","9005155","0"
"1012","230","2015-03-31T09:43:16.766","2015-03-31T09:43:16.766","1","9005155","0"
"1013","229","2015-03-31T09:43:16.768","2015-03-31T09:43:16.768","1","9005155","0"
"1014","228","2015-03-31T09:43:16.771","2015-03-31T09:43:16.771","1","9005155","0"
"1015","227","2015-03-31T09:43:16.773","2015-03-31T09:43:16.773","1","9005155","0"
"1016","226","2015-03-31T09:43:16.777","2015-03-31T09:43:16.777","1","9005155","0"
"1017","225","2015-03-31T09:43:16.779","2015-03-31T09:43:16.779","1","9005155","0"
"1018","224","2015-03-31T09:43:16.782","2015-03-31T09:43:16.782","1","9005155","0"
"1019","223","2015-03-31T09:43:16.785","2015-03-31T09:43:16.785","1","9005155","0"
"1020","222","2015-03-31T09:43:16.787","2015-03-31T09:43:16.787","1","9005155","0"
"1021","221","2015-03-31T09:43:16.791","2015-03-31T09:43:16.791","1","9005155","0"
"1022","220","2015-03-31T09:43:16.793","2015-03-31T09:43:16.793","1","9005155","0"
"1023","219","2015-03-31T09:43:16.796","2015-03-31T09:43:16.796","1","9005155","0"
"1024","218","2015-03-31T09:43:16.799","2015-03-31T09:43:16.799","1","9005155","0"
"1025","217","2015-03-31T09:43:16.802","2015-03-31T09:43:16.802","1","9005155","0"
"1034","309","2015-03-31T11:07:29.522","2015-03-31T11:07:29.522","0","9003730","0"
"1035","310","2015-03-31T11:20:03.188","2015-03-31T11:20:03.188","0","9003730","0"
"1036","311","2015-03-31T11:20:03.195","2015-03-31T11:20:03.195","0","9003730","0"
"1037","312","2015-03-31T11:20:03.195","2015-03-31T11:20:03.195","0","9003730","0"
"1038","313","2015-03-31T11:20:03.196","2015-03-31T11:20:03.196","0","9003730","0"
"1039","314","2015-03-31T11:20:03.196","2015-03-31T11:20:03.196","0","9003730","0"
"1040","315","2015-03-31T11:29:38.216","2015-03-31T11:29:38.216","0","9003730","0"
"1041","316","2015-03-31T11:29:38.220","2015-03-31T11:29:38.220","0","9003730","0"
"1042","317","2015-03-31T11:29:38.220","2015-03-31T11:29:38.220","0","9003730","0"
"1043","318","2015-03-31T11:29:38.220","2015-03-31T11:29:38.220","0","9003730","0"
"1044","319","2015-03-31T11:29:38.221","2015-03-31T11:29:38.221","0","9003730","0"
"1045","320","2015-03-31T11:31:24.915","2015-03-31T11:31:24.915","0","9003730","0"
"1046","321","2015-03-31T11:31:24.917","2015-03-31T11:31:24.917","0","9003730","0"
"1047","322","2015-03-31T11:31:24.917","2015-03-31T11:31:24.917","0","9003730","0"
"1048","323","2015-03-31T11:31:24.917","2015-03-31T11:31:24.917","0","9003730","0"
"1049","324","2015-03-31T11:33:08.382","2015-03-31T11:33:08.382","0","9003730","0"
"1050","325","2015-03-31T11:33:08.385","2015-03-31T11:33:08.385","0","9003730","0"
"1051","326","2015-03-31T11:33:08.385","2015-03-31T11:33:08.385","0","9003730","0"
"1052","327","2015-03-31T11:33:08.386","2015-03-31T11:33:08.386","0","9003730","0"
"1053","328","2015-03-31T11:33:08.386","2015-03-31T11:33:08.386","0","9003730","0"
"1054","329","2015-03-31T11:35:54.551","2015-03-31T11:35:54.551","0","9003730","0"
"1055","330","2015-03-31T11:35:54.553","2015-03-31T11:35:54.553","0","9003730","0"
"1056","331","2015-03-31T11:35:54.553","2015-03-31T11:35:54.553","0","9003730","0"
"1057","332","2015-03-31T11:35:54.553","2015-03-31T11:35:54.553","0","9003730","0"
"1058","333","2015-03-31T11:35:54.553","2015-03-31T11:35:54.553","0","9003730","0"
"1059","334","2015-03-31T11:37:50.467","2015-03-31T11:37:50.467","0","9003730","0"
"1060","335","2015-03-31T11:37:50.471","2015-03-31T11:37:50.471","0","9003730","0"
"1061","336","2015-03-31T11:37:50.471","2015-03-31T11:37:50.471","0","9003730","0"
"1062","337","2015-03-31T11:37:50.472","2015-03-31T11:37:50.472","0","9003730","0"
"1063","338","2015-03-31T11:51:54.773","2015-03-31T11:51:54.773","0","9003730","0"
"1064","339","2015-03-31T11:51:54.776","2015-03-31T11:51:54.776","0","9003730","0"
"1065","340","2015-03-31T11:51:54.776","2015-03-31T11:51:54.776","0","9003730","0"
"1066","341","2015-03-31T11:51:54.776","2015-03-31T11:51:54.776","0","9003730","0"
"1067","342","2015-03-31T11:53:02.177","2015-03-31T11:53:02.177","0","9003730","0"
"1068","343","2015-03-31T11:53:02.180","2015-03-31T11:53:02.180","0","9003730","0"
"1069","344","2015-03-31T11:53:02.180","2015-03-31T11:53:02.180","0","9003730","0"
"1070","345","2015-03-31T11:53:02.180","2015-03-31T11:53:02.180","0","9003730","0"
"1071","346","2015-03-31T11:53:02.180","2015-03-31T11:53:02.180","0","9003730","0"
"1072","347","2015-03-31T11:54:48.443","2015-03-31T11:54:48.443","0","9003730","0"
"1073","348","2015-03-31T11:54:48.446","2015-03-31T11:54:48.446","0","9003730","0"
"1074","349","2015-03-31T11:54:48.446","2015-03-31T11:54:48.446","0","9003730","0"
"1075","350","2015-03-31T11:54:48.446","2015-03-31T11:54:48.446","0","9003730","0"
"1076","351","2015-03-31T11:54:48.446","2015-03-31T11:54:48.446","0","9003730","0"
"1077","352","2015-03-31T13:23:29.408","2015-03-31T13:23:29.408","0","9003730","0"
"1078","353","2015-03-31T13:23:29.411","2015-03-31T13:23:29.411","0","9003730","0"
"1079","354","2015-03-31T13:23:29.412","2015-03-31T13:23:29.412","0","9003730","0"
"1080","355","2015-03-31T13:27:18.393","2015-03-31T13:27:18.393","0","9003730","0"
"1081","356","2015-03-31T13:27:18.397","2015-03-31T13:27:18.397","0","9003730","0"
"1082","357","2015-03-31T13:27:18.397","2015-03-31T13:27:18.397","0","9003730","0"
"1083","358","2015-03-31T13:27:18.397","2015-03-31T13:27:18.397","0","9003730","0"
"1084","359","2015-03-31T13:27:18.397","2015-03-31T13:27:18.397","0","9003730","0"
"1086","361","2015-03-31T14:12:01.491","2015-03-31T14:12:01.491","0","9005217","0"
"1087","359","2015-03-31T14:54:44.907","2015-03-31T14:54:44.907","1","9005155","0"
"1088","358","2015-03-31T14:54:49.715","2015-03-31T14:54:49.715","1","9005155","0"
"1089","357","2015-03-31T14:54:54.033","2015-03-31T14:54:54.033","1","9005155","0"
"1090","356","2015-03-31T14:54:58.112","2015-03-31T14:54:58.112","1","9005155","0"
"1091","355","2015-03-31T14:55:02.003","2015-03-31T14:55:02.003","1","9005155","0"
"1092","354","2015-03-31T14:55:05.625","2015-03-31T14:55:05.625","1","9005155","0"
"1093","353","2015-03-31T14:55:09.808","2015-03-31T14:55:09.808","1","9005155","0"
"1094","352","2015-03-31T14:55:14.426","2015-03-31T14:55:14.426","1","9005155","0"
"1095","328","2015-03-31T14:57:02.568","2015-03-31T14:57:02.568","1","9005155","0"
"1096","327","2015-03-31T14:57:06.738","2015-03-31T14:57:06.738","1","9005155","0"
"1097","326","2015-03-31T14:57:11.144","2015-03-31T14:57:11.144","1","9005155","0"
"1098","325","2015-03-31T14:57:15.111","2015-03-31T14:57:15.111","1","9005155","0"
"1099","324","2015-03-31T14:57:19.724","2015-03-31T14:57:19.724","1","9005155","0"
"1100","323","2015-03-31T14:57:24.077","2015-03-31T14:57:24.077","1","9005155","0"
"1101","322","2015-03-31T14:57:29.493","2015-03-31T14:57:29.493","1","9005155","0"
"1102","321","2015-03-31T14:57:35.149","2015-03-31T14:57:35.149","1","9005155","0"
"1103","320","2015-03-31T14:57:38.995","2015-03-31T14:57:38.995","1","9005155","0"
"1104","318","2015-03-31T14:57:42.704","2015-03-31T14:57:42.704","1","9005155","0"
"1105","316","2015-03-31T14:57:46.735","2015-03-31T14:57:46.735","1","9005155","0"
"1106","317","2015-03-31T14:57:50.860","2015-03-31T14:57:50.860","1","9005155","0"
"1107","314","2015-03-31T14:57:54.526","2015-03-31T14:57:54.526","1","9005155","0"
"1108","109","2015-03-31T14:59:04.522","2015-03-31T14:59:04.522","2","9005155","0"
"1109","108","2015-03-31T14:59:17.828","2015-03-31T14:59:17.828","2","9005155","0"
"1110","243","2015-03-31T14:59:38.001","2015-03-31T14:59:38.001","2","9005155","0"
"1111","244","2015-03-31T14:59:42.515","2015-03-31T14:59:42.515","2","9005155","0"
"1112","247","2015-03-31T14:59:51.674","2015-03-31T14:59:51.674","1","9005155","0"
"1113","362","2015-03-31T15:00:24.700","2015-03-31T15:00:24.700","0","9004353","0"
"1114","363","2015-03-31T15:00:25.996","2015-03-31T15:00:25.996","0","9004353","0"
"1115","363","2015-03-31T15:00:25.996","2015-03-31T15:00:25.996","1","9002245","0"
"1116","364","2015-03-31T15:00:25.996","2015-03-31T15:00:25.996","0","9004353","0"
"1117","364","2015-03-31T15:00:25.996","2015-03-31T15:00:25.996","1","9002245","0"
"1118","365","2015-03-31T15:00:25.996","2015-03-31T15:00:25.996","0","9004353","0"
"1119","365","2015-03-31T15:00:25.996","2015-03-31T15:00:25.996","1","9002245","0"
"1120","366","2015-03-31T15:00:25.996","2015-03-31T15:00:25.996","0","9004353","0"
"1121","366","2015-03-31T15:00:25.996","2015-03-31T15:00:25.997","1","9002245","0"
"1122","361","2015-03-31T15:00:45.100","2015-03-31T15:00:45.100","1","9005155","0"
"1123","309","2015-03-31T15:02:39.444","2015-03-31T15:02:39.444","0","9005155","0"
"1124","367","2015-03-31T15:02:41.413","2015-03-31T15:02:41.413","0","9004353","0"
"1125","368","2015-03-31T15:02:42.256","2015-03-31T15:02:42.257","0","9004353","0"
"1126","368","2015-03-31T15:02:42.256","2015-03-31T15:02:42.257","1","9004353","0"
"1127","369","2015-03-31T15:02:42.257","2015-03-31T15:02:42.257","0","9004353","0"
"1128","369","2015-03-31T15:02:42.256","2015-03-31T15:02:42.257","1","9004353","0"
"1129","370","2015-03-31T15:02:42.257","2015-03-31T15:02:42.257","0","9004353","0"
"1130","370","2015-03-31T15:02:42.256","2015-03-31T15:02:42.257","1","9004353","0"
"1131","371","2015-03-31T15:02:42.257","2015-03-31T15:02:42.257","0","9004353","0"
"1132","371","2015-03-31T15:02:42.256","2015-03-31T15:02:42.257","1","9004353","0"
"1165","374","2015-03-31T18:33:25.706","2015-03-31T18:33:25.706","0","9003730","0"
"1166","375","2015-03-31T18:33:25.707","2015-03-31T18:33:25.707","0","9003730","0"
"1167","376","2015-03-31T18:34:58.487","2015-03-31T18:34:58.487","0","9003730","0"
"1168","377","2015-03-31T18:34:58.489","2015-03-31T18:34:58.489","0","9003730","0"
"1174","378","2015-04-01T07:51:56.226","2015-04-01T07:51:56.226","0","9003730","0"
"1175","379","2015-04-01T07:51:56.227","2015-04-01T07:51:56.227","0","9003730","0"
"1133","351","2015-03-31T15:07:10.180","2015-03-31T15:07:10.180","1","9005155","0"
"1134","350","2015-03-31T15:07:10.184","2015-03-31T15:07:10.184","1","9005155","0"
"1135","349","2015-03-31T15:07:10.186","2015-03-31T15:07:10.186","1","9005155","0"
"1136","348","2015-03-31T15:07:10.189","2015-03-31T15:07:10.189","1","9005155","0"
"1137","347","2015-03-31T15:07:10.191","2015-03-31T15:07:10.191","1","9005155","0"
"1138","346","2015-03-31T15:07:10.193","2015-03-31T15:07:10.193","1","9005155","0"
"1139","345","2015-03-31T15:07:10.195","2015-03-31T15:07:10.195","1","9005155","0"
"1140","344","2015-03-31T15:07:10.199","2015-03-31T15:07:10.199","1","9005155","0"
"1141","343","2015-03-31T15:07:10.201","2015-03-31T15:07:10.201","1","9005155","0"
"1142","342","2015-03-31T15:07:10.204","2015-03-31T15:07:10.204","1","9005155","0"
"1143","341","2015-03-31T15:07:10.207","2015-03-31T15:07:10.207","1","9005155","0"
"1144","340","2015-03-31T15:07:10.209","2015-03-31T15:07:10.209","1","9005155","0"
"1145","339","2015-03-31T15:07:10.211","2015-03-31T15:07:10.211","1","9005155","0"
"1146","338","2015-03-31T15:07:10.214","2015-03-31T15:07:10.214","1","9005155","0"
"1147","337","2015-03-31T15:07:10.217","2015-03-31T15:07:10.217","1","9005155","0"
"1148","336","2015-03-31T15:07:10.221","2015-03-31T15:07:10.221","1","9005155","0"
"1149","335","2015-03-31T15:07:10.224","2015-03-31T15:07:10.224","1","9005155","0"
"1150","334","2015-03-31T15:07:10.227","2015-03-31T15:07:10.227","1","9005155","0"
"1151","333","2015-03-31T15:07:10.230","2015-03-31T15:07:10.230","1","9005155","0"
"1152","332","2015-03-31T15:07:10.233","2015-03-31T15:07:10.233","1","9005155","0"
"1153","331","2015-03-31T15:07:10.235","2015-03-31T15:07:10.235","1","9005155","0"
"1154","330","2015-03-31T15:07:10.238","2015-03-31T15:07:10.238","1","9005155","0"
"1155","329","2015-03-31T15:07:10.240","2015-03-31T15:07:10.240","1","9005155","0"
"1156","319","2015-03-31T15:07:10.247","2015-03-31T15:07:10.247","1","9005155","0"
"1157","315","2015-03-31T15:07:10.250","2015-03-31T15:07:10.250","1","9005155","0"
"1158","313","2015-03-31T15:07:10.254","2015-03-31T15:07:10.254","1","9005155","0"
"1159","312","2015-03-31T15:07:10.258","2015-03-31T15:07:10.258","1","9005155","0"
"1160","311","2015-03-31T15:07:10.262","2015-03-31T15:07:10.262","1","9005155","0"
"1161","310","2015-03-31T15:07:10.265","2015-03-31T15:07:10.265","1","9005155","0"
"1162","309","2015-03-31T15:07:11.087","2015-03-31T15:07:11.087","1","9005155","0"
"1164","373","2015-03-31T18:30:11.036","2015-03-31T18:30:11.036","0","9003730","0"
"1169","373","2015-04-01T07:18:08.342","2015-04-01T07:18:08.342","1","9005155","0"
"1170","375","2015-04-01T07:19:24.311","2015-04-01T07:19:24.311","1","9005155","0"
"1171","374","2015-04-01T07:19:24.313","2015-04-01T07:19:24.313","1","9005155","0"
"1172","377","2015-04-01T07:19:53.166","2015-04-01T07:19:53.166","1","9005155","0"
"1173","376","2015-04-01T07:19:53.168","2015-04-01T07:19:53.168","1","9005155","0"
"1176","378","2015-04-02T09:20:53.625","2015-04-02T09:20:53.625","1","9005155","0"
"1177","379","2015-04-02T09:20:57.889","2015-04-02T09:20:57.889","1","9005155","0"
"1181","383","2015-04-02T13:30:35.540","2015-04-02T13:30:35.540","0","9005129","0"
"1182","384","2015-04-02T13:30:35.591","2015-04-02T13:30:35.591","0","9005129","0"
"1183","385","2015-04-02T13:30:35.666","2015-04-02T13:30:35.666","0","9005129","0"
"1184","386","2015-04-02T13:30:35.716","2015-04-02T13:30:35.716","0","9005129","0"
"1185","387","2015-04-02T13:30:35.766","2015-04-02T13:30:35.766","0","9005129","0"
"1186","388","2015-04-02T13:30:35.820","2015-04-02T13:30:35.820","0","9005129","0"
"1187","389","2015-04-02T13:30:35.876","2015-04-02T13:30:35.876","0","9005129","0"
"1188","390","2015-04-02T13:30:35.926","2015-04-02T13:30:35.926","0","9005129","0"
"1189","391","2015-04-02T13:30:35.977","2015-04-02T13:30:35.977","0","9005129","0"
"1190","392","2015-04-02T13:31:43.256","2015-04-02T13:31:43.256","0","9005129","0"
"1191","393","2015-04-02T13:31:43.318","2015-04-02T13:31:43.318","0","9005129","0"
"1192","394","2015-04-02T13:31:43.395","2015-04-02T13:31:43.395","0","9005129","0"
"1193","395","2015-04-08T14:15:19.038","2015-04-08T14:15:19.038","0","9005217","0"
"1194","396","2015-04-08T14:15:19.080","2015-04-08T14:15:19.080","0","9005217","0"
"1195","397","2015-04-08T14:15:19.080","2015-04-08T14:15:19.080","0","9005217","0"
"1196","398","2015-04-08T14:15:19.080","2015-04-08T14:15:19.080","0","9005217","0"
"1197","399","2015-04-08T14:15:19.080","2015-04-08T14:15:19.080","0","9005217","0"
"1198","400","2015-04-08T14:15:19.080","2015-04-08T14:15:19.080","0","9005217","0"
"1199","401","2015-04-08T14:15:19.080","2015-04-08T14:15:19.080","0","9005217","0"
"1200","402","2015-04-08T14:15:19.080","2015-04-08T14:15:19.080","0","9005217","0"
"1201","403","2015-04-08T14:15:19.081","2015-04-08T14:15:19.081","0","9005217","0"
"1202","404","2015-04-08T14:15:19.081","2015-04-08T14:15:19.081","0","9005217","0"
"1203","405","2015-04-08T14:33:16.466","2015-04-08T14:33:16.466","0","9005217","0"
"1204","406","2015-04-08T14:33:16.468","2015-04-08T14:33:16.468","0","9005217","0"
"1205","407","2015-04-08T14:33:16.468","2015-04-08T14:33:16.468","0","9005217","0"
"1206","408","2015-04-08T14:33:16.468","2015-04-08T14:33:16.468","0","9005217","0"
"1207","409","2015-04-08T14:33:16.468","2015-04-08T14:33:16.468","0","9005217","0"
"1208","410","2015-04-08T14:33:16.468","2015-04-08T14:33:16.468","0","9005217","0"
"1209","411","2015-04-10T07:50:52.406","2015-04-10T07:50:52.406","0","9005217","0"
"1210","412","2015-04-10T07:50:52.408","2015-04-10T07:50:52.408","0","9005217","0"
"1211","413","2015-04-10T08:29:14.585","2015-04-10T08:29:14.585","0","9005217","0"
"1212","414","2015-04-10T11:34:27.173","2015-04-10T13:36:20.846","0","9005546","1"
"1213","415","2015-04-10T11:36:23.068","2015-04-10T13:36:53.837","0","9005546","1"
