"id_ventil_prime","id_ventil_date","id_agent","date_debut_mois","id_ref_prime","quantite","etat","version"
"94","4","9003305","2014-05-01T00:00:00.000","22","2325","4","0"
"95","3","9002339","2014-06-01T00:00:00.000","37","3","4","0"
"96","3","9003401","2014-07-01T00:00:00.000","26","2160","4","0"
"97","3","9002229","2014-06-01T00:00:00.000","26","3120","4","0"
"98","3","9002229","2014-07-01T00:00:00.000","26","600","4","0"
"99","3","9002229","2014-08-01T00:00:00.000","26","3540","4","0"
"100","3","9004173","2014-07-01T00:00:00.000","23","3120","4","0"
"101","4","9002995","2014-05-01T00:00:00.000","51","1","4","0"
"102","4","9002995","2014-05-01T00:00:00.000","35","2","4","0"
"103","4","9002995","2014-05-01T00:00:00.000","14","2","4","0"
"104","4","9003876","2014-06-01T00:00:00.000","35","1","4","0"
"105","4","9003876","2014-06-01T00:00:00.000","33","1","4","0"
"106","4","9003876","2014-06-01T00:00:00.000","14","1","4","0"
"107","4","9003876","2014-08-01T00:00:00.000","35","3","4","0"
"108","4","9003876","2014-08-01T00:00:00.000","14","3","4","0"
"109","4","9002940","2014-06-01T00:00:00.000","1","960","4","0"
"110","4","9002940","2014-06-01T00:00:00.000","4","480","4","0"
"111","4","9002940","2014-06-01T00:00:00.000","6","2","4","0"
