"id_droits_agent","id_agent","date_modification","version"
"5834","9005356","2015-08-04T07:53:24.921","0"
"6472","9005217","2016-03-18T09:37:29.093","5"
"6317","9005541","2016-01-14T09:45:17.553","0"
"6473","9005546","2016-03-21T09:41:58.316","5"
"6474","9003730","2016-03-21T09:41:51.393","5"
"5983","9005748","2015-11-23T13:27:45.748","2"
"5932","9004337","2015-10-09T14:29:28.852","0"
"6476","9004269","2016-03-21T09:41:54.262","5"
"5984","9003066","2015-11-23T13:33:04.645","1"
"6477","9002525","2016-03-21T09:41:46.850","5"
"5980","9005453","2015-11-25T14:29:14.828","9"
"5949","9005716","2015-11-06T15:25:49.884","6"
"6478","9004329","2016-03-21T09:41:55.250","5"
"6479","9004037","2016-03-21T09:41:52.904","5"
"6744","9002726","2016-05-20T15:24:08.889","0"
"6436","9003790","2016-02-19T14:08:35.929","2"
"5982","9005123","2015-11-16T12:49:47.350","8"
"6791","9005798","2016-06-15T14:25:17.619","0"
"6793","9004209","2016-06-17T09:15:57.566","0"
"6714","9005461","2016-04-13T13:46:44.824","1"
"5930","9005519","2015-11-24T13:58:11.780","22"
"6751","9005351","2016-05-30T13:41:05.265","1"
"5998","9005728","2015-11-24T13:49:14.086","10"
"6480","9004890","2016-03-21T09:41:46.021","5"
"6440","9003891","2016-02-24T11:17:14.165","3"
"6794","9005810","2016-06-21T07:23:07.838","0"
"6807","9005138","2016-07-04T11:15:19.881","2"
"6329","9005772","2016-02-04T07:23:33.943","3"
"6790","9005797","2016-06-13T09:00:35.719","2"
"5934","9005677","2015-10-16T08:02:44.367","2"
"6481","9004885","2016-03-21T09:41:45.648","5"
"6800","9005154","2016-06-23T10:16:27.950","2"
"6801","9003580","2016-06-23T10:16:28.018","2"
"5938","9005724","2015-10-23T12:48:27.168","3"
"6802","9003705","2016-06-23T10:16:28.081","2"
"6803","9004032","2016-06-23T10:16:28.145","2"
"6795","9005808","2016-06-21T11:16:25.439","5"
"6078","9005742","2015-11-27T14:37:03.332","2"
"6752","9005803","2016-05-31T10:23:07.291","0"
"6084","9005736","2015-12-14T09:44:20.887","2"
"6085","9005220","2015-12-14T09:44:20.942","0"
"6068","9004152","2015-11-25T14:29:14.763","3"
"6073","9005148","2015-11-26T10:31:17.235","2"
"5936","9005735","2015-10-20T17:49:11.899","2"
"5037","9004511","2015-04-07T14:19:13.395","5"
"6344","9005779","2016-02-10T13:19:46.073","2"
"6318","9004612","2016-01-15T12:34:52.778","2"
"6392","9003415","2016-02-16T10:36:34.539","2"
"6345","9005781","2016-02-12T13:35:27.746","5"
"6320","9004877","2016-01-15T12:34:53.265","2"
"6407","9005767","2016-02-17T13:32:18.054","5"
"6760","9003909","2016-06-07T09:30:28.086","0"
"6804","9005136","2016-06-23T10:22:10.650","2"
"6393","9005307","2016-02-16T10:42:19.216","2"
"6394","9005309","2016-02-16T10:42:27.984","2"
"6395","9005311","2016-02-16T10:42:43.033","2"
"6805","9005137","2016-06-23T10:22:10.726","2"
"6396","9005312","2016-02-16T10:42:52.978","2"
"6482","9004886","2016-03-21T09:41:45.717","5"
"5038","9003417","2015-04-07T14:19:13.451","5"
"6742","9004080","2016-05-12T07:21:28.740","3"
"5941","9005613","2015-11-06T08:14:54.519","4"
"6483","9004887","2016-03-21T09:41:45.784","5"
"6397","9005313","2016-02-16T10:43:00.607","2"
"6484","9004888","2016-03-21T09:41:45.851","5"
"6485","9004889","2016-03-21T09:41:45.949","5"
"6486","9004813","2016-03-21T09:41:45.063","5"
"6487","9004692","2016-03-21T09:41:44.110","5"
"6488","9004668","2016-03-21T09:41:44.044","5"
"6086","9002902","2015-12-21T12:20:21.731","2"
"5939","9004312","2015-10-26T14:01:36.763","5"
"5039","9004317","2015-04-07T14:19:13.544","6"
"5040","9005367","2015-04-07T14:19:13.616","5"
"5053","9003573","2015-04-07T14:19:14.555","5"
"5061","9003410","2015-04-07T14:19:15.075","6"
"5062","9002753","2015-04-07T14:19:15.157","5"
"5063","9004241","2015-04-07T14:19:15.248","5"
"5064","9003674","2015-04-07T14:19:15.344","5"
"5065","9003386","2015-04-07T14:19:15.399","5"
"5066","9003262","2015-04-07T14:19:15.455","5"
"5067","9004647","2015-04-07T14:19:15.512","5"
"5068","9004109","2015-04-07T14:19:15.572","6"
"5069","9004562","2015-04-07T14:19:15.627","5"
"5070","9004222","2015-04-07T14:19:15.682","6"
"5071","9005633","2015-04-07T14:19:15.740","5"
"5072","9004564","2015-04-07T14:19:15.849","5"
"5073","9005412","2015-04-07T14:19:15.907","5"
"5074","9004737","2015-04-07T14:19:15.966","5"
"5075","9005471","2015-04-07T14:19:16.026","5"
"5076","9005347","2015-04-07T14:19:16.082","5"
"5077","9004563","2015-04-07T14:19:16.141","5"
"5991","9005739","2015-11-24T13:15:31.044","5"
"5992","9005758","2015-11-24T13:15:31.124","5"
"6743","9005805","2016-05-17T13:04:11.004","0"
"6398","9005314","2016-02-16T10:43:10.277","2"
"6008","9004491","2015-11-24T14:04:54.207","4"
"6009","9003339","2015-11-24T14:04:54.266","4"
"6330","9005756","2016-02-04T07:23:33.999","3"
"6489","9004629","2016-03-21T09:41:58.016","5"
"6448","9005785","2016-03-04T14:52:25.886","5"
"6490","9004623","2016-03-21T09:41:57.759","5"
"6491","9004622","2016-03-21T09:41:57.701","5"
"6492","9004859","2016-03-21T09:41:45.506","5"
"6163","9003222","2016-01-12T08:14:45.550","3"
"6493","9004853","2016-03-21T09:41:45.373","5"
"6494","9004851","2016-03-21T09:41:45.189","5"
"6495","9004754","2016-03-21T09:41:44.404","5"
"6496","9004755","2016-03-21T09:41:44.461","5"
"6497","9004762","2016-03-21T09:41:44.873","5"
"6498","9004760","2016-03-21T09:41:44.754","5"
"6499","9004756","2016-03-21T09:41:44.518","5"
"6500","9003544","2016-03-21T09:41:50.117","5"
"6501","9003438","2016-03-21T09:41:49.713","5"
"6502","9005755","2016-03-21T09:41:58.381","5"
"6503","9004163","2016-03-21T09:41:53.745","5"
"6504","9003804","2016-03-21T09:41:51.800","5"
"6505","9004159","2016-03-21T09:41:53.618","5"
"6506","9003946","2016-03-21T09:41:52.476","5"
"6507","9004047","2016-03-21T09:41:52.984","5"
"6508","9002440","2016-03-21T09:41:46.577","5"
"6509","9004324","2016-03-21T09:41:54.830","5"
"6399","9005316","2016-02-16T10:43:19.983","2"
"6761","9005727","2016-06-07T09:30:28.147","0"
"6762","9005616","2016-06-07T09:30:28.213","0"
"5947","9005726","2016-06-07T09:30:28.420","4"
"6510","9004616","2016-03-21T09:41:57.499","5"
"6511","9004395","2016-03-21T09:41:55.854","5"
"6512","9004426","2016-03-21T09:41:56.285","5"
"6513","9004307","2016-03-21T09:41:54.633","5"
"6514","9003672","2016-03-21T09:41:51.103","5"
"6515","9002915","2016-03-21T09:41:47.218","5"
"6516","9004157","2016-03-21T09:41:53.504","5"
"5985","9005180","2015-11-23T13:35:56.603","1"
"5986","9003681","2015-11-23T13:35:56.675","1"
"5987","9003759","2015-11-23T13:35:56.740","1"
"5988","9003712","2015-11-23T13:35:56.818","1"
"5989","9005177","2015-11-23T13:35:56.870","1"
"5990","9003943","2015-11-23T13:35:56.925","1"
"6517","9003551","2016-03-21T09:41:50.294","5"
"6518","9004305","2016-03-21T09:41:54.513","5"
"6755","9005673","2016-06-06T14:34:44.579","0"
"5555","9003169","2015-11-06T08:17:09.351","7"
"6806","9004575","2016-06-23T10:32:34.347","1"
"6519","9003240","2016-03-21T09:41:48.699","5"
"6520","9004116","2016-03-21T09:41:53.215","5"
"6521","9004628","2016-03-21T09:41:57.949","5"
"6522","9003614","2016-03-21T09:41:50.788","5"
"6523","9004433","2016-03-21T09:41:56.615","5"
"6524","9004432","2016-03-21T09:41:56.526","5"
"6525","9003633","2016-03-21T09:41:50.987","5"
"6526","9004270","2016-03-21T09:41:54.323","5"
"6527","9003562","2016-03-21T09:41:50.353","5"
"6528","9003401","2016-03-21T09:41:49.391","5"
"6529","9004103","2016-03-21T09:41:53.043","5"
"6530","9003460","2016-03-21T09:41:49.771","5"
"6531","9004330","2016-03-21T09:41:55.354","5"
"6532","9004326","2016-03-21T09:41:54.958","5"
"6533","9004429","2016-03-21T09:41:56.405","5"
"6534","9004811","2016-03-21T09:41:44.996","5"
"6535","9003637","2016-03-21T09:41:51.044","5"
"6536","9003277","2016-03-21T09:41:48.941","5"
"6537","9003997","2016-03-21T09:41:52.660","5"
"6538","9004220","2016-03-21T09:41:54.088","5"
"6539","9004316","2016-03-21T09:41:54.768","5"
"6540","9004419","2016-03-21T09:41:55.989","5"
"6541","9003419","2016-03-21T09:41:49.525","5"
"6542","9003293","2016-03-21T09:41:49.137","5"
"6543","9004469","2016-03-21T09:41:57.185","5"
"6544","9004418","2016-03-21T09:41:55.917","5"
"6545","9004761","2016-03-21T09:41:44.813","5"
"6546","9004423","2016-03-21T09:41:56.107","5"
"6547","9004431","2016-03-21T09:41:56.466","5"
"6548","9004251","2016-03-21T09:41:54.206","5"
"6549","9003702","2016-03-21T09:41:51.217","5"
"6550","9004386","2016-03-21T09:41:55.797","5"
"6551","9004434","2016-03-21T09:41:56.686","5"
"6552","9004633","2016-03-21T09:41:58.077","5"
"6553","9004858","2016-03-21T09:41:45.435","5"
"6554","9004328","2016-03-21T09:41:55.166","5"
"6555","9004758","2016-03-21T09:41:44.636","5"
"6556","9003703","2016-03-21T09:41:51.275","5"
"6557","9004104","2016-03-21T09:41:53.103","5"
"6558","9004752","2016-03-21T09:41:44.288","5"
"6559","9003234","2016-03-21T09:41:48.579","5"
"6560","9003348","2016-03-21T09:41:49.326","5"
"6561","9003940","2016-03-21T09:41:52.297","5"
"6562","9004420","2016-03-21T09:41:56.047","5"
"6563","9004944","2016-03-21T09:41:46.094","5"
"6564","9003757","2016-03-21T09:41:51.685","5"
"6565","9004352","2016-03-21T09:41:55.499","5"
"6566","9003746","2016-03-21T09:41:51.514","5"
"6567","9003235","2016-03-21T09:41:48.640","5"
"6568","9004331","2016-03-21T09:41:55.436","5"
"6569","9003619","2016-03-21T09:41:50.846","5"
"6570","9004303","2016-03-21T09:41:54.391","5"
"6571","9003248","2016-03-21T09:41:48.757","5"
"6572","9003145","2016-03-21T09:41:48.169","5"
"6573","9004618","2016-03-21T09:41:57.569","5"
"6574","9003312","2016-03-21T09:41:49.257","5"
"6575","9004216","2016-03-21T09:41:54.008","5"
"6576","9002670","2016-03-21T09:41:47.060","5"
"6577","9003432","2016-03-21T09:41:49.650","5"
"6578","9004471","2016-03-21T09:41:57.244","5"
"6579","9003942","2016-03-21T09:41:52.358","5"
"6580","9004816","2016-03-21T09:41:45.131","5"
"5556","9004421","2015-06-24T10:32:54.164","1"
"6581","9005156","2016-03-21T09:41:58.198","5"
"6321","9005360","2016-01-15T12:34:53.328","2"
"6582","9003751","2016-03-21T09:41:51.571","5"
"6583","9004151","2016-03-21T09:41:53.275","5"
"6584","9003599","2016-03-21T09:41:50.668","5"
"6585","9003720","2016-03-21T09:41:51.335","5"
"6586","9002663","2016-03-21T09:41:46.983","5"
"6587","9004327","2016-03-21T09:41:55.044","5"
"6588","9004759","2016-03-21T09:41:44.694","5"
"6589","9003129","2016-03-21T09:41:48.055","5"
"6590","9004105","2016-03-21T09:41:53.159","5"
"6591","9003210","2016-03-21T09:41:48.521","5"
"6592","9003774","2016-03-21T09:41:51.742","5"
"6593","9003572","2016-03-21T09:41:50.471","5"
"6594","9004156","2016-03-21T09:41:53.448","5"
"6595","9004382","2016-03-21T09:41:55.619","5"
"6596","9005162","2016-03-21T09:41:58.257","5"
"6597","9004383","2016-03-21T09:41:55.679","5"
"6598","9004153","2016-03-21T09:41:53.332","5"
"6599","9004304","2016-03-21T09:41:54.450","5"
"6600","9004215","2016-03-21T09:41:53.931","5"
"6601","9004306","2016-03-21T09:41:54.573","5"
"6602","9004158","2016-03-21T09:41:53.559","5"
"6603","9004424","2016-03-21T09:41:56.166","5"
"6604","9003998","2016-03-21T09:41:52.727","5"
"6605","9003846","2016-03-21T09:41:51.929","5"
"6606","9004190","2016-03-21T09:41:53.865","5"
"6607","9002375","2016-03-21T09:41:46.299","5"
"6608","9002458","2016-03-21T09:41:46.711","5"
"6609","9004027","2016-03-21T09:41:52.843","5"
"6610","9002443","2016-03-21T09:41:46.643","5"
"6611","9003286","2016-03-21T09:41:49.073","5"
"6612","9004753","2016-03-21T09:41:44.346","5"
"6613","9003431","2016-03-21T09:41:49.589","5"
"5958","9005363","2015-11-06T15:25:50.619","4"
"5959","9003900","2015-11-06T15:25:50.670","4"
"6614","9003549","2016-03-21T09:41:50.231","5"
"6615","9004467","2016-03-21T09:41:57.058","5"
"6616","9003857","2016-03-21T09:41:52.053","5"
"6617","9003898","2016-03-21T09:41:52.182","5"
"5964","9005618","2015-11-06T15:25:51.007","4"
"6618","9002392","2016-03-21T09:41:46.372","5"
"6619","9002967","2016-03-21T09:41:47.819","5"
"6620","9004884","2016-03-21T09:41:45.580","5"
"5968","9003881","2015-11-06T15:25:51.228","4"
"5969","9004603","2015-11-06T15:25:51.282","4"
"6083","9005760","2015-12-10T15:37:39.878","1"
"5971","9005139","2015-11-06T15:25:51.384","4"
"6621","9002803","2016-03-21T09:41:47.157","5"
"6622","9002459","2016-03-21T09:41:46.787","5"
"6623","9002938","2016-03-21T09:41:47.642","5"
"5975","9004071","2015-11-06T15:25:51.600","4"
"6624","9003463","2016-03-21T09:41:49.833","5"
"6625","9004757","2016-03-21T09:41:44.576","5"
"5978","9005383","2015-11-06T15:25:51.769","4"
"5979","9005634","2015-11-06T15:25:51.827","4"
"5999","9003612","2015-11-24T13:57:26.481","4"
"6000","9004349","2015-11-24T14:03:27.184","4"
"6010","9004962","2015-11-24T14:04:54.275","4"
"6701","9005773","2016-03-25T16:55:13.363","1"
"6703","9003285","2016-03-29T10:19:02.298","0"
"6746","9004336","2016-05-24T08:05:53.178","0"
"6705","9003042","2016-03-29T10:19:25.922","0"
"6738","9005266","2016-05-04T07:33:03.548","3"
"6756","9003960","2016-06-06T14:34:44.641","0"
"5943","9005710","2015-11-06T08:17:57.951","4"
"6087","9005653","2016-03-31T15:03:57.854","10"
"5923","9005214","2015-10-05T14:56:09.452","5"
"3768","9002970","2016-01-15T15:13:14.525","6"
"6437","9004980","2016-02-19T14:09:25.293","2"
"6707","9005787","2016-03-31T15:03:57.724","5"
"6415","9005254","2016-06-06T13:40:52.395","3"
"6716","9005769","2016-04-14T09:27:58.713","4"
"6717","9005768","2016-04-14T09:28:21.539","4"
"6702","9005662","2016-06-06T14:34:44.717","1"
"6763","9005809","2016-06-08T10:46:39.956","3"
"6706","9003825","2016-03-31T15:03:57.658","5"
"5917","9005480","2015-10-05T13:05:38.862","2"
"5918","9003287","2015-10-05T13:05:39.034","2"
"5919","9003088","2015-10-05T13:05:39.222","2"
"5920","9005608","2015-10-05T13:05:39.414","2"
"6435","9005761","2016-02-18T10:05:14.884","2"
"5940","9005744","2016-01-25T10:05:36.059","11"
"5664","9005362","2015-07-22T07:15:57.514","7"
"5668","9005352","2015-07-22T07:16:49.965","8"
"5669","9005345","2015-07-22T07:20:42.715","8"
"5673","9004280","2015-07-22T07:22:26.683","8"
"5674","9003408","2015-07-22T07:22:38.632","8"
"5676","9003578","2015-07-22T07:23:02.914","8"
"5677","9003305","2015-07-22T07:23:13.276","8"
"5678","9005050","2015-07-22T07:23:22.363","8"
"5679","9004173","2015-07-22T07:23:36.590","8"
"5680","9004472","2015-07-22T07:23:49.098","8"
"5681","9003304","2015-07-22T07:24:22.539","8"
"5682","9004634","2015-07-22T07:24:49.728","8"
"5683","9003236","2015-07-22T07:25:02.274","8"
"5684","9004842","2015-07-22T07:25:14.924","8"
"5685","9005676","2015-07-22T07:25:56.189","7"
"5686","9004430","2015-07-22T07:26:23.855","7"
"5687","9003484","2015-07-22T07:27:02.201","7"
"5688","9004540","2015-07-22T07:27:12.811","8"
"6319","9005680","2016-01-15T12:34:53.202","3"
"5690","9004123","2015-07-22T07:27:40.831","8"
"5691","9005073","2015-07-22T07:27:53.477","8"
"5692","9004635","2015-07-22T07:28:03.409","8"
"5693","9005656","2015-07-22T07:28:25.713","9"
"6079","9005751","2015-12-04T10:43:56.783","3"
"6334","9004783","2016-06-08T10:46:40.065","4"
"6072","9005270","2015-11-26T10:31:17.176","2"
"5931","9003926","2015-10-09T09:17:23.114","6"
"5884","9005729","2015-09-01T07:59:10.315","0"
"3770","9005425","2015-03-13T14:09:03.489","0"
"6757","9004408","2016-06-06T14:34:44.795","0"
"6038","9003534","2015-11-24T14:06:45.427","4"
"6039","9004403","2015-11-24T14:06:45.498","4"
"6040","9004518","2015-11-24T14:06:45.552","4"
"6041","9003869","2015-11-24T14:06:45.611","4"
"6042","9004134","2015-11-24T14:06:45.670","4"
"6043","9003200","2015-11-24T14:07:01.567","4"
"6049","9005121","2015-11-24T14:08:32.401","4"
"6050","9003049","2015-11-24T14:08:32.508","4"
"6052","9004235","2015-11-24T14:09:18.156","4"
"6055","9004178","2015-11-24T14:10:26.289","4"
"6056","9004131","2015-11-24T14:10:39.439","4"
"6058","9004474","2015-11-24T14:11:19.009","4"
"6400","9003146","2016-02-16T15:00:17.008","2"
"6401","9004981","2016-02-16T15:00:46.859","2"
"6402","9005077","2016-02-16T15:01:06.122","2"
"6403","9003970","2016-02-16T15:01:23.779","2"
"6380","9004985","2016-02-16T10:32:43.726","2"
"6381","9005042","2016-02-16T10:32:51.225","2"
"6382","9003385","2016-02-16T10:33:00.003","2"
"6384","9003989","2016-02-16T10:33:29.566","2"
"6405","9004801","2016-02-16T15:02:05.923","2"
"6322","9005324","2016-01-15T12:34:53.389","2"
"6441","9004122","2016-02-24T11:18:05.517","3"
"6442","9003080","2016-02-24T11:18:26.106","3"
"6414","9003951","2016-06-09T14:44:39.930","4"
"5666","9004055","2015-07-22T07:16:28.441","12"
"5671","9004074","2015-07-22T07:21:59.397","10"
"6708","9003069","2016-03-31T15:03:57.796","5"
"5456","9004276","2015-06-22T07:07:06.622","5"
"5916","9005151","2015-10-05T13:05:38.692","3"
"6758","9005657","2016-06-06T14:34:44.861","0"
"6736","9003704","2016-04-28T08:44:17.238","2"
"5921","9005738","2015-10-05T13:05:39.585","3"
"6069","9003359","2015-11-26T10:31:16.973","4"
"6070","9003160","2015-11-26T10:31:17.052","4"
"6071","9003876","2015-11-26T10:31:17.108","4"
"6075","9003216","2015-11-26T10:31:17.360","4"
"5512","9005238","2016-05-09T15:21:24.931","4"
"5514","9005404","2016-05-09T15:21:25.174","4"
"5530","9005207","2016-05-09T15:21:24.742","4"
"5531","9005209","2016-05-09T15:21:24.867","4"
"5532","9005371","2016-05-09T15:21:25.095","4"
"5533","9005435","2016-05-09T15:21:25.236","4"
"5550","9005449","2016-05-09T15:21:25.298","4"
"6745","9003762","2016-05-20T15:24:08.971","0"
"6704","9005647","2016-05-20T15:24:09.033","1"
"6740","9005774","2016-05-11T06:45:11.413","2"
"6741","9005791","2016-05-11T06:45:11.474","2"
"6729","9005794","2016-05-27T09:58:49.748","3"
"6759","9005763","2016-06-06T14:34:44.930","0"
"6747","9005646","2016-05-24T08:05:53.241","3"
"6332","9005621","2016-06-08T10:46:40.188","4"
"6327","9004568","2016-06-08T10:46:40.296","4"
"6443","9005741","2016-05-24T13:06:57.116","3"
"6750","9005788","2016-05-24T13:08:47.990","0"
"6439","9005246","2016-05-24T13:09:06.320","4"
"6324","9005538","2016-06-08T10:46:40.398","4"
"6337","9005133","2016-06-08T10:46:40.478","4"
"6336","9004570","2016-06-08T10:46:40.651","4"
"6338","9004569","2016-06-08T10:46:40.795","4"
"6331","9005447","2016-06-08T10:46:41.013","4"
"6341","9005602","2016-06-08T10:46:41.095","4"
"6328","9005364","2016-06-08T10:46:41.169","4"
"6340","9005118","2016-06-08T10:46:41.279","4"
"5952","9003839","2016-06-08T10:46:41.433","5"
"6451","9005786","2016-06-08T13:02:02.360","3"
"6766","9005795","2016-06-08T13:02:02.443","2"
"6455","9005236","2016-06-08T13:02:02.860","2"
"6462","9004022","2016-06-08T13:02:02.924","2"
"6461","9005284","2016-06-08T13:02:03.103","2"
"6460","9005640","2016-06-08T13:02:03.191","2"
"6458","9005283","2016-06-08T13:02:03.269","2"
"6459","9005703","2016-06-08T13:02:03.333","2"
"6456","9005031","2016-06-08T13:02:03.409","2"
"6767","9005801","2016-06-08T13:02:03.479","2"
"6768","9005799","2016-06-08T13:02:03.545","2"
"6089","9005764","2016-06-08T13:02:03.617","4"
"6450","9005702","2016-06-08T13:02:03.855","2"
"6452","9005776","2016-06-08T13:02:04.569","2"
"6464","9005775","2016-06-08T13:02:04.634","2"
"6453","9005778","2016-06-08T13:02:05.828","2"
"6463","9004965","2016-06-08T13:02:06.265","2"
"6769","9003318","2016-06-08T15:06:23.908","1"
"6711","9005782","2016-06-08T10:46:40.574","4"
"6712","9005783","2016-06-08T10:46:41.354","4"
"6713","9005784","2016-04-05T15:30:15.876","3"
"6764","9005812","2016-06-08T10:46:40.905","3"
"6792","9005745","2016-06-15T14:25:30.114","0"
"5634","9004955","2015-06-30T10:45:33.219","3"
"5635","9004735","2015-06-30T10:45:45.063","3"
"5636","9003742","2015-06-30T10:45:54.469","3"
"6051","9004291","2015-11-24T14:08:58.744","4"
"6053","9004504","2015-11-24T14:09:31.403","4"
"6054","9004160","2015-11-24T14:10:00.039","4"
"6057","9004645","2015-11-24T14:11:04.360","4"
"6417","9005452","2016-02-17T13:48:23.713","2"
"6475","9005155","2016-03-18T09:37:29.032","1"
"6710","9005537","2016-04-04T09:01:01.028","5"
"6715","9005789","2016-04-14T09:27:48.343","4"
"6346","9005317","2016-02-16T10:27:17.007","2"
"6347","9003377","2016-02-16T10:27:23.497","2"
"6348","9004377","2016-02-16T10:27:32.461","2"
"6349","9003388","2016-02-16T10:27:39.082","2"
"6350","9003374","2016-02-16T10:27:46.223","2"
"6351","9003399","2016-02-16T10:27:52.632","2"
"6352","9003376","2016-02-16T10:28:01.473","2"
"6353","9003983","2016-02-16T10:28:08.503","2"
"6354","9004232","2016-02-16T10:28:20.981","2"
"6355","9003382","2016-02-16T10:28:40.250","2"
"6356","9004798","2016-02-16T10:28:50.712","2"
"6357","9003398","2016-02-16T10:28:57.436","2"
"6358","9004553","2016-02-16T10:29:18.895","2"
"6359","9004378","2016-02-16T10:29:26.549","2"
"6360","9004223","2016-02-16T10:29:33.541","2"
"6361","9004936","2016-02-16T10:29:42.084","2"
"6362","9004147","2016-02-16T10:29:49.536","2"
"6363","9003793","2016-02-16T10:29:57.439","2"
"6364","9004996","2016-02-16T10:30:06.338","2"
"6365","9004986","2016-02-16T10:30:13.348","2"
"6366","9003981","2016-02-16T10:30:21.016","2"
"6367","9004373","2016-02-16T10:30:37.610","2"
"6368","9003513","2016-02-16T10:30:55.499","2"
"6369","9004685","2016-02-16T10:31:02.692","2"
"6370","9003372","2016-02-16T10:31:09.109","2"
"6371","9004686","2016-02-16T10:31:19.577","2"
"6372","9003778","2016-02-16T10:31:27.337","2"
"6373","9004984","2016-02-16T10:31:37.140","2"
"6374","9003085","2016-02-16T10:31:45.316","2"
"6375","9003507","2016-02-16T10:31:52.363","2"
"6376","9004987","2016-02-16T10:32:06.600","2"
"6377","9003779","2016-02-16T10:32:14.217","2"
"6378","9004229","2016-02-16T10:32:22.221","2"
"6379","9004799","2016-02-16T10:32:30.134","2"
"6383","9003375","2016-02-16T10:33:07.516","2"
"6385","9004231","2016-02-16T10:33:37.988","2"
"6386","9005044","2016-02-16T10:33:45.020","2"
"6387","9003792","2016-02-16T10:33:59.935","2"
"6388","9005315","2016-02-16T10:34:06.511","2"
"6389","9003381","2016-02-16T10:34:13.338","2"
"6390","9003525","2016-02-16T10:34:21.396","2"
"6391","9003718","2016-02-16T10:34:29.502","2"
"6426","9004385","2016-02-17T13:48:24.674","2"
"6428","9003289","2016-02-17T13:48:24.807","2"
"6432","9005733","2016-02-17T13:48:25.170","2"
"5534","9003204","2016-05-09T15:22:05.599","4"
"6739","9005793","2016-05-09T15:22:05.752","1"
"6748","9005610","2016-05-24T13:06:11.990","2"
"6718","9005494","2016-04-14T13:31:35.257","2"
"6719","9003695","2016-04-14T13:31:35.338","2"
"6720","9004030","2016-04-14T13:31:35.410","2"
"6721","9004593","2016-04-14T13:31:35.545","2"
"6722","9005398","2016-04-14T13:31:35.627","2"
"6723","9005468","2016-04-14T13:31:35.714","2"
"6724","9005080","2016-04-14T13:31:35.790","2"
"6726","9005349","2016-04-14T13:31:35.927","2"
"6727","9005790","2016-04-14T13:31:35.991","2"
"6753","9005470","2016-06-22T08:25:06.539","2"
"6754","9004778","2016-06-22T08:25:06.601","2"
"6770","9004835","2016-06-22T08:25:06.359","3"
"6771","9005006","2016-06-22T08:25:06.416","3"
"6773","9003083","2016-06-22T08:25:06.091","3"
"6774","9003143","2016-06-22T08:25:06.293","3"
"6783","9004013","2016-06-22T08:25:06.165","3"
"6785","9004357","2016-06-22T08:25:06.229","3"
"6787","9004473","2016-06-22T08:25:06.475","3"
"6749","9004454","2016-05-24T13:08:34.729","0"
"6438","9003282","2016-02-23T08:55:54.880","1"
"6732","9004606","2016-06-22T08:25:04.587","4"
"6733","9005528","2016-06-22T08:25:04.726","4"
"6735","9005747","2016-06-22T08:25:05.019","4"
"6737","9003437","2016-06-22T08:25:04.849","4"
"6772","9002275","2016-06-22T08:25:05.641","3"
"6775","9003264","2016-06-22T08:25:05.970","3"
"6776","9003616","2016-06-22T08:25:05.207","3"
"6777","9003818","2016-06-22T08:25:05.147","3"
"6778","9003950","2016-06-22T08:25:05.570","3"
"6779","9003952","2016-06-22T08:25:05.709","3"
"6780","9003956","2016-06-22T08:25:05.270","3"
"6781","9003985","2016-06-22T08:25:05.767","3"
"6782","9004006","2016-06-22T08:25:05.827","3"
"6784","9004277","2016-06-22T08:25:05.465","3"
"6786","9004444","2016-06-22T08:25:06.032","3"
"6788","9004532","2016-06-22T08:25:05.910","3"
"6789","9005418","2016-06-22T08:25:05.330","3"
"6796","9003579","2016-06-22T08:25:04.667","1"
"6797","9004005","2016-06-22T08:25:04.784","1"
"6059","9004011","2015-11-24T14:15:17.650","6"
"6061","9004249","2015-11-24T14:16:00.815","6"
"6063","9003884","2015-11-24T14:16:47.324","6"
"6065","9004260","2015-11-24T14:17:23.948","6"
"6798","9005341","2016-06-22T08:25:04.932","1"
"6799","9005536","2016-06-22T08:25:05.088","1"
"6067","9002996","2015-11-24T14:44:36.995","3"
"6699","9004353","2016-03-18T09:37:44.025","1"
"5935","9004535","2015-11-02T08:43:41.319","7"
"6060","9004237","2015-11-24T14:15:38.362","6"
"6062","9005143","2015-11-24T14:16:27.607","6"
"6064","9004640","2015-11-24T14:17:05.509","6"
"6066","9004577","2015-11-24T14:17:43.094","6"
"3771","9003138","2015-03-13T14:09:03.489","0"
"3773","9005526","2015-03-13T14:09:03.489","0"
"3774","9003510","2015-03-13T14:09:03.489","0"
"3775","9004225","2015-03-13T14:09:03.489","0"
"3776","9004051","2015-03-13T14:09:03.489","0"
"3778","9003394","2015-03-13T14:09:03.489","0"
"5885","9005729","2015-09-01T08:01:21.651","1"
"5888","9004684","2015-09-01T15:37:46.133","2"
"5889","9005534","2015-09-01T15:37:46.184","2"
"5890","9004661","2015-09-01T15:37:46.237","2"
"5767","9004506","2016-06-08T13:02:02.657","2"
"5768","9005305","2015-07-28T13:09:34.433","1"
"6635","9004625","2016-03-21T09:41:57.890","5"
"6636","9003899","2016-03-21T09:41:52.240","5"
"6637","9002403","2016-03-21T09:41:46.508","5"
"6638","9003543","2016-03-21T09:41:50.052","5"
"6639","9003575","2016-03-21T09:41:50.532","5"
"6640","9003564","2016-03-21T09:41:50.411","5"
"6641","9004425","2016-03-21T09:41:56.224","5"
"6642","9003022","2016-03-21T09:41:47.938","5"
"6643","9002948","2016-03-21T09:41:47.762","5"
"6644","9003148","2016-03-21T09:41:48.227","5"
"6645","9002916","2016-03-21T09:41:47.279","5"
"6646","9004551","2016-03-21T09:41:57.305","5"
"6647","9003611","2016-03-21T09:41:50.728","5"
"6648","9003858","2016-03-21T09:41:52.116","5"
"6649","9004325","2016-03-21T09:41:54.897","5"
"6650","9002329","2016-03-21T09:41:46.163","5"
"6651","9003124","2016-03-21T09:41:47.998","5"
"6652","9003745","2016-03-21T09:41:51.451","5"
"6653","9004161","2016-03-21T09:41:53.675","5"
"6654","9003280","2016-03-21T09:41:49.008","5"
"6655","9004461","2016-03-21T09:41:56.771","5"
"6656","9002936","2016-03-21T09:41:47.526","5"
"6657","9004466","2016-03-21T09:41:56.992","5"
"6658","9003310","2016-03-21T09:41:49.196","5"
"6659","9003494","2016-03-21T09:41:49.900","5"
"6660","9003004","2016-03-21T09:41:47.876","5"
"6661","9003948","2016-03-21T09:41:52.538","5"
"6662","9004462","2016-03-21T09:41:56.841","5"
"6663","9003699","2016-03-21T09:41:51.162","5"
"6664","9004384","2016-03-21T09:41:55.739","5"
"6665","9004309","2016-03-21T09:41:54.709","5"
"6666","9002943","2016-03-21T09:41:47.699","5"
"6667","9003155","2016-03-21T09:41:48.344","5"
"6668","9004566","2016-03-21T09:41:57.368","5"
"6669","9002919","2016-03-21T09:41:47.341","5"
"6670","9004468","2016-03-21T09:41:57.125","5"
"6671","9003159","2016-03-21T09:41:48.403","5"
"6672","9003133","2016-03-21T09:41:48.113","5"
"6673","9003632","2016-03-21T09:41:50.905","5"
"6674","9002937","2016-03-21T09:41:47.585","5"
"6675","9004004","2016-03-21T09:41:52.785","5"
"6676","9003821","2016-03-21T09:41:51.861","5"
"6677","9003576","2016-03-21T09:41:50.594","5"
"6678","9003501","2016-03-21T09:41:49.983","5"
"6679","9003546","2016-03-21T09:41:50.174","5"
"6680","9003276","2016-03-21T09:41:48.883","5"
"6681","9003856","2016-03-21T09:41:51.993","5"
"6682","9004427","2016-03-21T09:41:56.345","5"
"6683","9004244","2016-03-21T09:41:54.149","5"
"6684","9004164","2016-03-21T09:41:53.805","5"
"6685","9004852","2016-03-21T09:41:45.270","5"
"6686","9004769","2016-03-21T09:41:44.934","5"
"6687","9004465","2016-03-21T09:41:56.912","5"
"6688","9003964","2016-03-21T09:41:52.598","5"
"6689","9004624","2016-03-21T09:41:57.828","5"
"6690","9004709","2016-03-21T09:41:44.228","5"
"6691","9004693","2016-03-21T09:41:44.169","5"
"6692","9004615","2016-03-21T09:41:57.437","5"
"6693","9004621","2016-03-21T09:41:57.640","5"
"6694","9002926","2016-03-21T09:41:47.405","5"
"6695","9003756","2016-03-21T09:41:51.627","5"
"6696","9004381","2016-03-21T09:41:55.559","5"
"6697","9005069","2016-03-21T09:41:58.135","5"
"6698","9002396","2016-03-21T09:41:46.444","5"
"5891","9005179","2015-09-01T15:37:46.287","2"
"5631","9005719","2015-06-29T16:07:13.773","1"
"5667","9003936","2015-07-22T07:16:40.066","9"
"5892","9003883","2015-09-01T15:37:46.337","2"
"5893","9005619","2015-09-01T15:37:46.394","2"
"6626","9003171","2016-03-21T09:41:48.464","5"
"6628","9003418","2016-03-21T09:41:49.459","5"
"6629","9003275","2016-03-21T09:41:48.822","5"
"6630","9003154","2016-03-21T09:41:48.286","5"
"6631","9002933","2016-03-21T09:41:47.466","5"
"6632","9004155","2016-03-21T09:41:53.389","5"
"6633","9002582","2016-03-21T09:41:46.906","5"
"6634","9003944","2016-03-21T09:41:52.417","5"
"5838","9005722","2015-08-12T14:00:13.162","2"
"5840","9004028","2015-08-17T08:20:19.535","5"
"3806","9002778","2015-03-13T14:09:03.490","0"
"5454","9005499","2015-11-06T08:18:35.615","8"
"3807","9002790","2015-03-13T14:09:03.490","0"
"3808","9002939","2015-03-13T14:09:03.490","0"
"3809","9003982","2015-03-13T14:09:03.490","0"
"3810","9003006","2015-03-13T14:09:03.490","0"
"3812","9004379","2015-03-13T14:09:03.490","0"
"3813","9004239","2015-03-13T14:09:03.490","0"
"3816","9004913","2015-03-13T14:09:03.490","0"
"3817","9003717","2015-03-13T14:09:03.490","0"
"3818","9003412","2015-03-13T14:09:03.490","0"
"3820","9003427","2015-03-13T14:09:03.490","0"
"3821","9002903","2015-03-13T14:09:03.490","0"
"3822","9002252","2015-03-13T14:09:03.490","0"
"3823","9003251","2015-03-13T14:09:03.490","0"
"3825","9003253","2015-03-13T14:09:03.490","0"
"3826","9003252","2015-03-13T14:09:03.490","0"
"3828","9003973","2015-03-13T14:09:03.490","0"
"3760","9005310","2016-02-16T10:42:35.472","13"
"5909","9004401","2015-09-22T09:19:05.609","0"
"5350","9005631","2015-06-08T15:06:40.949","2"
"5353","9004745","2015-06-08T15:06:41.128","2"
"5356","9004250","2015-06-08T15:06:41.302","2"
"5899","9005732","2015-09-11T08:28:48.546","5"
"5910","9004285","2015-09-22T09:19:05.690","0"
"5402","9002142","2015-06-18T14:46:43.824","5"
"3831","9003391","2015-03-13T14:09:03.490","0"
"3832","9003392","2015-03-13T14:09:03.490","0"
"3833","9003363","2015-03-13T14:09:03.490","0"
"3834","9003368","2015-03-13T14:09:03.490","0"
"3836","9004392","2015-03-13T14:09:03.491","0"
"3837","9005346","2015-03-13T14:09:03.491","0"
"3838","9003390","2015-03-13T14:09:03.491","0"
"3839","9003781","2015-03-13T14:09:03.491","0"
"3841","9003380","2015-03-13T14:09:03.491","0"
"3845","9002940","2015-03-13T14:09:03.491","0"
"5602","9005658","2015-06-25T08:59:19.709","5"
"5603","9005554","2015-06-25T08:59:19.768","5"
"3897","9003400","2016-02-16T09:40:20.276","3"
"5546","9003791","2016-05-09T15:21:23.012","4"
"5548","9005208","2016-05-09T15:21:24.804","4"
"5632","9005409","2015-06-30T07:42:08.876","4"
"5113","9004993","2015-05-19T10:12:37.914","2"
"3929","9003623","2015-03-13T14:09:03.493","0"
"3930","9005476","2015-03-13T14:09:03.493","0"
"5836","9005730","2015-08-12T13:39:14.402","0"
"5837","9005720","2015-08-12T13:39:54.969","0"
"3948","9005374","2015-03-13T14:09:03.494","0"
"3949","9004217","2015-03-13T14:09:03.494","0"
"3950","9005004","2015-03-13T14:09:03.494","0"
"3951","9005237","2015-03-13T14:09:03.494","0"
"3952","9004001","2015-03-13T14:09:03.494","0"
"3953","9003347","2015-03-13T14:09:03.494","0"
"5078","9004281","2015-04-14T07:58:11.566","3"
"3954","9005413","2015-03-13T14:09:03.494","0"
"5778","9004278","2016-06-08T13:02:03.703","2"
"5774","9002475","2015-07-28T13:11:56.806","2"
"5675","9004522","2015-07-22T07:22:47.921","8"
"5776","9004132","2016-06-08T13:02:03.786","2"
"4014","9004774","2015-11-06T08:15:21.058","5"
"5775","9003191","2016-06-08T13:02:04.709","2"
"4015","9004546","2016-03-18T09:37:28.759","2"
"3969","9005544","2016-01-07T15:06:53.897","8"
"4016","9003492","2016-03-18T09:37:28.681","2"
"4020","9005302","2016-03-18T09:37:43.925","2"
"5779","9004721","2016-06-08T13:02:04.801","2"
"5771","9003503","2016-06-08T13:02:05.917","2"
"5769","9003807","2016-06-08T13:02:05.989","2"
"5770","9004436","2016-06-08T13:02:06.076","2"
"5773","9005650","2016-06-08T13:02:06.161","2"
"3955","9004487","2015-03-13T14:09:03.494","0"
"5839","9003990","2015-08-13T14:40:44.764","3"
"5351","9005245","2015-06-08T15:06:41.009","2"
"5352","9005709","2015-06-08T15:06:41.067","2"
"5557","9005603","2015-06-24T13:28:36.861","2"
"5383","9005063","2015-06-12T13:13:08.281","4"
"5384","9004670","2015-06-12T13:13:08.339","4"
"5385","9004541","2015-06-12T13:13:08.394","4"
"5386","9005146","2015-06-12T13:13:08.451","4"
"5387","9004880","2015-06-12T13:13:08.551","4"
"5388","9005385","2015-06-12T13:13:08.606","4"
"5784","9005715","2016-06-08T13:02:04.063","2"
"4021","9005184","2016-03-18T09:37:43.748","2"
"5643","9005712","2015-07-09T14:15:36.786","3"
"5782","9005120","2016-06-08T13:02:04.233","2"
"5781","9005539","2016-06-08T13:02:04.306","2"
"5780","9004870","2016-06-08T13:02:04.369","2"
"3971","9005402","2016-01-07T15:06:54.171","9"
"4843","9003949","2015-03-13T14:09:03.520","3"
"3973","9002962","2016-01-07T15:06:54.460","9"
"4844","9005531","2015-03-13T14:09:03.520","3"
"4845","9005451","2015-03-13T14:09:03.520","3"
"3975","9005626","2016-03-31T15:03:57.930","12"
"3990","9005097","2015-11-06T08:14:28.502","6"
"3982","9003151","2016-06-17T09:15:57.623","13"
"5111","9005645","2015-05-19T10:03:01.975","8"
"5638","9005663","2015-07-01T14:01:06.428","0"
"4778","9005489","2015-03-13T14:09:03.518","4"
"5740","9004029","2015-07-22T13:04:17.565","1"
"5743","9002333","2015-07-22T13:04:35.587","1"
"4788","9004335","2015-03-13T14:09:03.518","11"
"5094","9003480","2015-04-14T07:58:12.604","3"
"5095","9004476","2015-04-14T07:58:12.661","3"
"5096","9004058","2015-04-14T07:58:12.719","3"
"5097","9005253","2015-04-14T07:58:12.776","3"
"5112","9005428","2015-05-19T10:03:02.090","8"
"4776","9005290","2015-03-13T14:09:03.518","6"
"4792","9005459","2015-03-13T14:09:03.518","3"
"5728","9003536","2015-07-22T13:02:51.803","1"
"5736","9004786","2015-07-22T13:03:38.619","1"
"5738","9005485","2015-07-22T13:03:47.136","1"
"5789","9004506","2015-07-28T13:11:57.962","3"
"5790","9005545","2016-06-08T13:02:02.521","4"
"5788","9005007","2016-06-08T13:02:02.589","4"
"5792","9002987","2016-06-08T13:02:02.718","4"
"5787","9005607","2016-06-08T13:02:02.791","4"
"5786","9004456","2016-06-08T13:02:03.021","2"
"4848","9003968","2015-03-13T14:09:03.520","5"
"5098","9005379","2015-04-14T07:58:12.830","3"
"5735","9005600","2015-07-22T13:03:33.659","1"
"5099","9004144","2015-04-14T07:58:12.884","3"
"5100","9002949","2015-04-14T07:58:12.941","3"
"5101","9003873","2015-04-14T07:58:13.007","3"
"5102","9005013","2015-04-14T07:58:13.063","3"
"5103","9003482","2015-04-14T07:58:13.120","3"
"5104","9003885","2015-04-14T07:58:13.178","3"
"4856","9003279","2015-03-13T14:09:03.520","5"
"4857","9003812","2015-03-13T14:09:03.520","5"
"4858","9004523","2015-03-13T14:09:03.520","5"
"4859","9003229","2015-03-13T14:09:03.520","5"
"4860","9004959","2015-03-13T14:09:03.520","5"
"5807","9004398","2016-06-08T13:02:03.923","4"
"5806","9003434","2016-06-08T13:02:05.354","4"
"5808","9004581","2016-05-24T13:06:42.372","6"
"4806","9003269","2015-03-13T14:09:03.519","3"
"4810","9004978","2015-03-13T14:09:03.519","3"
"4811","9002333","2015-03-13T14:09:03.519","3"
"4812","9005485","2015-03-13T14:09:03.519","3"
"4813","9003536","2015-03-13T14:09:03.519","3"
"4814","9004029","2015-03-13T14:09:03.519","3"
"4815","9004786","2015-03-13T14:09:03.519","3"
"4817","9005600","2015-03-13T14:09:03.519","3"
"4827","9003723","2015-03-13T14:09:03.519","3"
"5802","9004698","2016-06-08T13:02:04.156","4"
"5801","9004176","2016-06-08T13:02:04.973","4"
"5137","9004120","2015-05-29T11:47:12.037","10"
"4977","9003631","2015-03-25T07:51:40.544","10"
"4976","9005085","2015-03-25T07:51:40.482","13"
"4978","9003933","2015-03-25T07:51:40.596","11"
"4985","9005179","2015-03-25T07:51:41.063","11"
"5741","9003269","2015-07-22T13:04:26.392","1"
"5742","9004978","2015-07-22T13:04:31.859","1"
"5844","9005649","2015-11-02T08:43:40.623","8"
"5126","9003391","2015-05-29T11:33:12.030","3"
"5127","9003253","2015-05-29T11:33:12.096","3"
"5128","9003252","2015-05-29T11:33:12.161","3"
"5131","9003973","2015-05-29T11:33:12.382","3"
"5828","9005290","2015-08-03T14:25:36.833","3"
"5829","9005428","2015-08-03T14:25:36.894","3"
"4807","9003769","2015-03-13T14:09:03.519","6"
"4808","9004292","2015-03-13T14:09:03.519","6"
"3787","9004979","2015-03-13T14:09:03.489","10"
"4809","9005211","2015-03-13T14:09:03.519","6"
"4818","9004529","2015-03-13T14:09:03.519","6"
"4819","9005101","2015-03-13T14:09:03.519","6"
"4820","9004750","2015-03-13T14:09:03.519","6"
"4825","9002353","2015-03-13T14:09:03.519","6"
"4826","9003044","2015-03-13T14:09:03.519","6"
"4831","9004402","2015-03-13T14:09:03.519","6"
"5831","9005555","2015-08-03T14:25:37.004","3"
"5832","9005645","2015-08-03T14:25:37.061","3"
"5845","9005021","2015-08-17T08:36:49.555","4"
"5843","9005234","2015-08-17T08:32:53.459","6"
"4832","9005082","2015-03-13T14:09:03.519","6"
"4833","9005384","2015-03-13T14:09:03.519","6"
"5592","9005665","2015-06-25T08:33:53.630","6"
"5336","9005131","2015-06-05T14:05:22.821","0"
"5337","9003041","2015-06-05T14:05:22.893","0"
"5338","9005641","2015-06-05T14:05:22.965","0"
"5341","9004117","2015-06-05T14:05:23.195","0"
"3789","9004369","2015-03-13T14:09:03.489","10"
"3791","9005495","2015-03-13T14:09:03.489","10"
"5482","9005122","2015-06-22T07:07:08.278","4"
"5665","9005017","2015-07-22T07:16:08.139","7"
"5483","9005126","2015-06-22T07:07:08.392","4"
"4979","9004684","2015-03-25T07:51:40.664","10"
"4980","9004661","2015-03-25T07:51:40.718","10"
"5814","9005715","2015-07-28T13:53:30.339","1"
"5484","9004607","2015-06-22T07:07:08.458","2"
"5810","9005522","2016-06-08T13:02:04.434","4"
"3777","9003384","2015-03-13T14:09:03.489","10"
"3780","9004228","2015-03-13T14:09:03.489","10"
"3781","9003785","2015-03-13T14:09:03.489","10"
"3782","9003506","2015-03-13T14:09:03.489","10"
"5865","9005678","2015-08-27T15:51:12.060","3"
"5866","9005679","2015-08-27T15:51:12.137","3"
"5867","9005682","2015-08-27T15:51:12.189","3"
"5868","9005683","2015-08-27T15:51:12.244","3"
"5869","9005684","2015-08-27T15:51:12.312","3"
"5870","9005685","2015-08-27T15:51:12.364","3"
"5871","9005686","2015-08-27T15:51:12.433","3"
"5872","9005399","2015-08-27T15:51:12.488","3"
"5873","9005687","2015-08-27T15:51:12.540","3"
"3783","9003789","2015-03-13T14:09:03.489","10"
"3784","9003714","2015-03-13T14:09:03.489","10"
"3785","9003719","2015-03-13T14:09:03.489","10"
"3786","9004226","2015-03-13T14:09:03.489","10"
"3792","9005496","2015-03-13T14:09:03.489","10"
"3793","9005491","2015-03-13T14:09:03.489","10"
"3794","9005490","2015-03-13T14:09:03.489","10"
"4464","9003966","2015-03-13T14:09:03.509","0"
"4981","9005534","2015-03-25T07:51:40.802","10"
"5011","9005054","2015-03-30T15:38:41.776","7"
"4769","9004601","2015-03-13T14:09:03.518","6"
"4982","9003883","2015-03-25T07:51:40.867","10"
"4780","9003921","2015-03-13T14:09:03.518","6"
"4439","9004132","2015-03-13T14:09:03.508","2"
"4441","9004278","2015-03-13T14:09:03.508","2"
"4986","9005619","2015-03-25T07:51:41.123","9"
"4444","9004721","2015-03-13T14:09:03.508","2"
"4602","9004494","2015-03-13T14:09:03.512","1"
"4604","9004934","2015-03-13T14:09:03.513","1"
"5485","9004299","2015-06-22T07:07:08.534","4"
"5812","9005150","2016-06-08T13:02:04.500","4"
"4449","9005120","2015-03-13T14:09:03.508","2"
"4457","9005539","2015-03-13T14:09:03.509","2"
"4459","9004870","2015-03-13T14:09:03.509","2"
"4466","9004021","2016-06-08T13:02:05.045","3"
"5694","9003139","2015-07-22T07:36:37.220","2"
"5809","9005711","2015-07-28T13:45:29.263","1"
"5813","9005650","2015-07-28T13:53:23.844","1"
"5824","9005489","2015-08-03T14:25:36.587","3"
"5826","9005260","2015-08-03T14:25:36.718","3"
"5805","9005052","2016-06-08T13:02:05.571","4"
"4467","9005527","2016-03-07T15:09:22.308","1"
"5804","9004571","2016-06-08T13:02:05.651","4"
"5874","9005688","2015-08-27T15:51:12.592","3"
"5875","9005689","2015-08-27T15:51:12.649","3"
"4605","9002984","2015-03-13T14:09:03.513","1"
"5332","9005659","2016-01-07T15:06:54.043","9"
"5333","9005648","2016-01-07T15:06:54.108","9"
"5841","9003817","2015-08-17T08:32:53.337","6"
"4685","9003020","2016-05-09T15:22:05.519","2"
"5815","9004869","2016-03-07T15:01:32.962","3"
"5846","9005660","2015-08-17T09:34:54.065","2"
"5604","9005666","2015-06-25T09:24:41.175","6"
"4719","9004193","2015-03-13T14:09:03.516","9"
"5697","9005438","2015-07-22T07:42:00.117","0"
"4801","9003365","2015-03-13T14:09:03.519","3"
"5593","9003362","2015-06-25T08:39:37.404","5"
"5594","9003332","2015-06-25T08:39:37.596","5"
"5595","9004374","2015-06-25T08:39:37.665","5"
"5596","9003713","2015-06-25T08:39:37.736","5"
"5842","9003969","2015-08-17T08:32:53.398","6"
"5876","9005285","2015-08-27T15:51:12.708","3"
"5877","9005690","2015-08-27T15:51:12.760","3"
"3796","9004671","2015-03-13T14:09:03.489","10"
"3797","9004148","2015-03-13T14:09:03.489","10"
"5260","9002097","2015-06-05T09:53:53.014","3"
"4613","9003863","2015-03-13T14:09:03.513","1"
"4617","9003810","2015-03-13T14:09:03.513","1"
"4614","9005258","2015-03-13T14:09:03.513","1"
"4615","9005437","2015-03-13T14:09:03.513","1"
"4606","9003802","2015-03-13T14:09:03.513","1"
"4607","9004637","2015-03-13T14:09:03.513","1"
"4608","9003957","2015-03-13T14:09:03.513","1"
"4609","9002905","2015-03-13T14:09:03.513","1"
"4610","9004826","2015-03-13T14:09:03.513","1"
"4611","9005275","2015-03-13T14:09:03.513","1"
"4612","9005267","2015-03-13T14:09:03.513","1"
"4700","9004802","2015-03-13T14:09:03.516","0"
"4701","9005393","2015-03-13T14:09:03.516","0"
"4702","9005392","2015-03-13T14:09:03.516","0"
"4703","9004949","2015-03-13T14:09:03.516","0"
"4721","9003256","2015-03-13T14:09:03.516","0"
"5850","9003067","2015-08-17T09:37:47.478","0"
"4618","9005227","2015-03-13T14:09:03.513","3"
"5672","9005438","2015-07-22T07:22:07.522","9"
"5849","9003823","2015-08-17T09:36:41.118","1"
"5597","9003362","2015-06-25T08:44:05.743","5"
"5125","9003392","2015-05-29T11:33:11.934","3"
"5132","9002252","2015-05-29T11:33:12.445","3"
"5598","9003332","2015-06-25T08:44:05.847","5"
"5599","9004374","2015-06-25T08:44:05.941","5"
"4768","9004114","2015-03-13T14:09:03.518","6"
"4785","9005615","2015-03-13T14:09:03.518","6"
"5670","9005059","2015-07-22T07:21:48.710","10"
"5755","9003979","2016-02-16T09:37:34.473","12"
"5878","9005691","2015-08-27T15:51:12.815","3"
"5879","9005692","2015-08-27T15:51:12.880","3"
"5880","9005694","2015-08-27T15:51:12.940","3"
"5881","9005695","2015-08-27T15:51:12.991","3"
"5882","9005696","2015-08-27T15:51:13.051","3"
"5883","9005697","2015-08-27T15:51:13.103","3"
"4765","9002607","2015-03-13T14:09:03.517","3"
"4828","9004829","2015-03-13T14:09:03.519","3"
"4829","9005436","2015-03-13T14:09:03.519","3"
"5612","9003412","2015-06-25T09:42:36.250","4"
"5613","9002939","2015-06-25T09:42:36.303","4"
"5569","9005559","2015-06-24T14:36:39.119","3"
"5044","9003265","2015-04-07T14:19:13.887","6"
"5048","9003483","2015-04-07T14:19:14.122","6"
"5847","9003327","2015-08-17T09:35:04.389","0"
"3805","9003367","2015-03-13T14:09:03.490","10"
"5614","9004379","2015-06-25T09:42:36.362","4"
"5616","9003006","2015-06-25T09:42:36.469","4"
"5617","9003982","2015-06-25T09:42:36.527","4"
"4767","9005091","2015-03-13T14:09:03.517","3"
"5848","9005124","2015-08-17T09:36:36.627","2"
"4764","9003299","2015-03-13T14:09:03.517","3"
"3795","9005492","2015-03-13T14:09:03.489","10"
"3798","9002963","2015-03-13T14:09:03.489","10"
"5605","9004239","2015-06-25T09:42:35.846","4"
"5609","9003717","2015-06-25T09:42:36.071","4"
"5610","9003427","2015-06-25T09:42:36.124","4"
"3799","9003294","2015-03-13T14:09:03.489","10"
"3801","9005250","2015-03-13T14:09:03.489","10"
"3802","9003396","2015-03-13T14:09:03.490","10"
"3803","9003364","2015-03-13T14:09:03.490","10"
"4830","9005299","2015-03-13T14:09:03.519","3"
"5715","9005656","2015-07-22T07:54:31.970","0"
"4838","9005163","2015-03-13T14:09:03.520","3"
"4871","9002200","2015-03-13T14:09:03.521","3"
"4872","9004321","2015-03-13T14:09:03.521","3"
"4839","9004287","2015-03-13T14:09:03.520","4"
"4842","9005504","2015-03-13T14:09:03.520","4"
"4847","9005530","2015-03-13T14:09:03.520","5"
"4874","9002416","2015-03-13T14:09:03.521","3"
"4875","9003873","2015-03-13T14:09:03.521","3"
"4876","9005379","2015-03-13T14:09:03.521","3"
"4877","9004144","2015-03-13T14:09:03.521","3"
"4878","9002246","2015-03-13T14:09:03.521","3"
"5600","9003713","2015-06-25T08:44:06.045","5"
"4879","9002189","2015-03-13T14:09:03.521","3"
"4880","9004281","2015-03-13T14:09:03.521","3"
"4921","9003326","2016-06-22T08:25:05.400","4"
"5756","9003414","2016-06-07T09:30:28.277","6"
"4909","9002393","2015-03-13T14:09:03.521","0"
"5461","9004141","2015-06-22T07:07:06.929","5"
"5757","9004056","2016-06-07T09:30:28.483","6"
"5462","9005475","2015-06-22T07:07:06.991","5"
"4840","9004505","2015-03-13T14:09:03.520","3"
"4841","9004935","2015-03-13T14:09:03.520","3"
"4881","9004058","2015-03-13T14:09:03.521","3"
"4882","9003296","2015-03-13T14:09:03.521","3"
"4883","9005366","2015-03-13T14:09:03.521","3"
"4884","9003885","2015-03-13T14:09:03.521","3"
"4885","9005321","2015-03-13T14:09:03.521","3"
"4886","9002949","2015-03-13T14:09:03.521","3"
"4887","9004447","2015-03-13T14:09:03.521","3"
"4888","9004202","2015-03-13T14:09:03.521","3"
"4889","9004187","2015-03-13T14:09:03.521","3"
"4890","9004476","2015-03-13T14:09:03.521","3"
"4891","9005420","2015-03-13T14:09:03.521","3"
"4892","9005253","2015-03-13T14:09:03.521","3"
"4862","9005401","2015-03-13T14:09:03.520","3"
"4863","9003480","2015-03-13T14:09:03.520","3"
"5463","9005464","2015-06-22T07:07:07.048","5"
"4865","9004459","2015-03-13T14:09:03.520","3"
"4866","9005010","2015-03-13T14:09:03.520","3"
"4867","9005466","2015-03-13T14:09:03.520","3"
"4868","9005194","2015-03-13T14:09:03.520","3"
"5758","9003930","2016-06-07T09:30:28.351","6"
"5464","9003594","2015-06-22T07:07:07.113","5"
"5465","9004946","2015-06-22T07:07:07.173","5"
"5466","9003724","2015-06-22T07:07:07.233","5"
"5043","9004558","2015-04-07T14:19:13.831","5"
"5045","9004559","2015-04-07T14:19:13.948","5"
"4910","9005130","2015-12-28T14:28:15.439","3"
"5046","9004744","2015-04-07T14:19:14.004","5"
"5047","9004483","2015-04-07T14:19:14.060","5"
"5049","9005256","2015-04-07T14:19:14.232","6"
"5134","9003251","2015-05-29T11:33:12.603","3"
"5760","9005071","2015-07-27T07:45:24.083","6"
"5761","9004687","2015-07-27T07:45:24.141","6"
"5762","9004242","2015-07-27T07:45:24.198","6"
"5763","9004509","2015-07-27T07:45:24.252","6"
"3922","9002981","2015-03-13T14:09:03.493","4"
"4869","9004787","2015-03-13T14:09:03.520","3"
"4870","9003482","2015-03-13T14:09:03.520","3"
"5764","9003457","2015-07-27T07:45:24.304","6"
"5765","9004363","2015-07-27T07:45:24.364","6"
"5766","9003874","2015-07-27T07:45:24.424","6"
"5864","9005723","2015-08-21T13:24:02.872","1"
"5601","9005384","2015-06-25T08:48:42.816","6"
"5059","9003284","2016-05-24T13:09:41.632","7"
"5618","9003338","2015-06-25T09:52:26.976","4"
"4996","9005048","2016-02-26T13:52:33.119","1"
"4960","9003430","2015-03-13T14:09:03.523","2"
"4961","9005005","2015-03-13T14:09:03.523","2"
"4962","9004543","2015-03-13T14:09:03.523","2"
"4958","9005181","2016-03-11T08:50:22.194","6"
"5457","9005644","2015-06-22T07:07:06.682","5"
"5458","9003514","2015-06-22T07:07:06.749","5"
"5459","9002995","2015-06-22T07:07:06.806","5"
"5467","9002227","2015-06-22T07:07:07.292","4"
"4990","9005437","2015-03-26T13:35:57.032","0"
"4991","9005639","2015-03-26T13:35:57.107","0"
"4992","9003430","2015-03-26T13:35:57.168","0"
"4993","9005005","2015-03-26T13:35:57.225","0"
"4994","9005258","2015-03-26T13:35:57.280","0"
"4995","9005181","2015-03-26T13:35:57.345","0"
"4997","9004543","2015-03-26T13:35:57.462","0"
"4998","9004274","2015-03-26T13:35:57.515","0"
"5448","9004834","2015-06-22T07:07:06.076","2"
"5449","9004878","2015-06-22T07:07:06.134","2"
"5450","9005532","2015-06-22T07:07:06.194","2"
"5468","9005168","2015-06-22T07:07:07.405","5"
"5469","9003530","2015-06-22T07:07:07.469","5"
"5472","9003297","2015-06-22T07:07:07.667","4"
"5451","9005713","2015-06-22T07:07:06.250","2"
"5473","9003479","2015-06-22T07:07:07.726","4"
"5474","9003217","2015-06-22T07:07:07.791","4"
"5475","9004989","2015-06-22T07:07:07.849","4"
"5476","9005652","2015-06-22T07:07:07.911","4"
"5453","9005675","2015-06-22T07:07:06.436","6"
"5020","9005129","2015-04-07T14:19:12.223","5"
"5021","9003721","2015-04-07T14:19:12.334","6"
"5022","9005174","2015-04-07T14:19:12.392","6"
"5024","9004557","2015-04-07T14:19:12.536","5"
"5025","9004169","2015-04-07T14:19:12.596","6"
"5030","9004548","2015-04-07T14:19:12.944","5"
"5031","9005359","2015-04-07T14:19:13.002","5"
"5032","9004728","2015-04-07T14:19:13.060","5"
"5042","9004696","2015-04-07T14:19:13.732","6"
"5050","9005488","2015-04-07T14:19:14.299","6"
"5051","9003687","2015-04-07T14:19:14.357","6"
"5052","9004002","2015-04-07T14:19:14.417","6"
"5055","9004079","2015-04-07T14:19:14.674","5"
"5056","9003861","2015-04-07T14:19:14.729","5"
"5057","9004560","2015-04-07T14:19:14.829","5"
"5058","9003953","2015-04-07T14:19:14.903","5"
"5060","9004594","2015-04-07T14:19:15.015","5"
"5016","9005466","2015-04-03T07:08:17.230","3"
"5017","9005010","2015-04-03T07:08:17.287","3"
"5019","9004459","2015-04-03T07:08:17.402","3"
"5079","9005366","2015-04-14T07:58:11.635","3"
"5080","9004187","2015-04-14T07:58:11.699","3"
"5081","9003296","2015-04-14T07:58:11.828","3"
"5082","9002189","2015-04-14T07:58:11.883","3"
"5083","9002200","2015-04-14T07:58:11.942","3"
"5084","9005321","2015-04-14T07:58:12.014","3"
"5085","9002246","2015-04-14T07:58:12.070","3"
"5086","9005401","2015-04-14T07:58:12.127","3"
"5087","9004202","2015-04-14T07:58:12.182","3"
"5088","9004447","2015-04-14T07:58:12.241","3"
"5089","9004787","2015-04-14T07:58:12.293","3"
"5090","9005420","2015-04-14T07:58:12.348","3"
"5091","9004321","2015-04-14T07:58:12.430","3"
"5092","9005194","2015-04-14T07:58:12.489","3"
"5093","9002416","2015-04-14T07:58:12.542","3"
"4968","9005622","2015-03-16T14:22:37.513","13"
"4969","9005547","2015-03-16T14:22:37.704","13"
"5357","9004797","2015-06-11T07:58:13.518","5"
"4696","9002222","2016-05-09T15:21:25.636","3"
"3904","9003281","2015-03-13T14:09:03.493","4"
"5151","9004956","2015-06-01T09:08:28.622","3"
"4450","9004582","2016-06-08T13:02:03.993","5"
"4452","9004023","2016-06-08T13:02:05.178","5"
"5154","9003020","2015-06-01T09:13:53.997","3"
"4458","9004254","2016-06-08T13:02:05.423","5"
"4456","9004390","2016-06-08T13:02:05.496","5"
"4697","9002891","2016-05-09T15:21:25.725","3"
"4698","9003037","2016-05-09T15:21:25.795","3"
"5149","9004348","2016-05-09T15:21:25.505","5"
"5619","9003387","2016-02-16T09:43:56.730","7"
"5026","9004613","2015-04-07T14:19:12.660","6"
"5360","9004949","2015-06-11T13:05:28.648","2"
"4678","9003685","2015-03-13T14:09:03.515","3"
"4679","9005226","2015-03-13T14:09:03.515","3"
"4680","9004125","2015-03-13T14:09:03.515","3"
"4681","9003848","2015-03-13T14:09:03.515","3"
"4682","9004302","2015-03-13T14:09:03.515","3"
"3933","9004435","2015-03-13T14:09:03.493","2"
"3934","9003624","2015-03-13T14:09:03.493","2"
"3935","9003292","2015-03-13T14:09:03.494","2"
"3937","9003805","2015-03-13T14:09:03.494","2"
"3938","9003068","2015-03-13T14:09:03.494","2"
"3939","9005552","2015-03-13T14:09:03.494","2"
"3940","9005472","2015-03-13T14:09:03.494","2"
"5138","9003001","2015-05-29T11:47:12.113","10"
"4975","9003257","2015-03-25T07:51:40.418","7"
"4704","9003620","2015-03-13T14:09:03.516","4"
"5018","9003232","2015-11-02T07:56:53.692","6"
"5027","9005525","2015-04-07T14:19:12.717","5"
"5143","9003828","2015-05-29T14:25:04.600","2"
"5029","9003739","2015-04-07T14:19:12.886","5"
"5033","9004078","2015-04-07T14:19:13.124","6"
"5034","9005325","2015-04-07T14:19:13.179","5"
"5035","9005502","2015-04-07T14:19:13.237","5"
"5036","9004318","2015-04-07T14:19:13.301","5"
"5620","9003395","2016-02-16T09:40:51.668","7"
"5150","9003137","2016-05-09T15:21:25.577","5"
"5152","9003914","2016-05-09T15:22:05.816","5"
"5153","9003840","2016-05-09T15:21:25.440","5"
"5478","9005282","2015-06-22T07:07:08.032","4"
"4693","9003274","2016-05-09T15:22:05.658","3"
"5479","9005400","2015-06-22T07:07:08.098","4"
"5480","9005406","2015-06-22T07:07:08.162","4"
"5481","9003833","2015-06-22T07:07:08.220","4"
"5486","9005092","2015-06-22T07:07:08.594","4"
"5495","9005394","2015-06-22T07:07:09.147","4"
"5496","9003378","2015-06-22T07:07:09.209","4"
"5570","9003395","2015-06-24T15:35:02.833","3"
"5571","9003387","2015-06-24T15:35:18.856","3"
"5572","9003338","2015-06-24T15:36:19.244","3"
"5362","9004542","2016-05-24T13:09:23.891","6"
"5359","9004488","2015-06-11T11:43:26.397","5"
"5178","9005029","2015-11-06T15:25:50.288","10"
"4445","9004770","2016-06-08T13:02:04.879","5"
"4974","9005654","2015-03-25T07:50:21.393","9"
"5141","9005388","2015-05-29T13:32:17.896","0"
"5142","9003767","2015-05-29T13:32:17.961","0"
"4446","9005232","2016-06-08T13:02:05.108","5"
"4418","9003529","2016-06-08T13:02:06.373","5"
"5271","9005701","2015-06-05T09:53:53.732","3"
"5144","9005704","2015-06-01T08:03:36.043","2"
"5139","9003684","2015-05-29T13:30:58.563","2"
"5140","9004496","2015-05-29T13:30:58.632","2"
"5295","9003266","2015-06-05T09:53:55.264","3"
"5254","9005089","2015-06-05T09:53:52.627","3"
"5255","9003848","2015-06-05T09:53:52.689","3"
"5256","9004125","2015-06-05T09:53:52.781","3"
"5581","9003162","2015-06-24T16:14:38.928","13"
"5257","9005226","2015-06-05T09:53:52.841","3"
"5258","9003685","2015-06-05T09:53:52.898","3"
"5259","9004302","2015-06-05T09:53:52.957","3"
"5261","9003925","2015-06-05T09:53:53.094","3"
"5267","9005604","2015-06-05T09:53:53.490","3"
"5314","9003051","2015-06-05T09:53:56.418","3"
"5361","9005013","2015-06-11T13:51:57.745","3"
"5580","9003975","2015-06-24T16:14:32.463","13"
"5499","9002646","2016-05-09T15:21:22.559","4"
"5500","9003918","2016-05-09T15:21:23.334","4"
"4722","9004895","2015-03-13T14:09:03.516","2"
"4750","9003934","2015-03-13T14:09:03.517","2"
"5585","9004982","2015-06-24T16:17:51.782","3"
"5497","9002997","2016-05-09T15:22:05.459","4"
"4420","9005280","2015-03-13T14:09:03.508","4"
"5520","9004218","2015-06-23T07:25:03.290","2"
"5582","9003373","2016-02-16T09:42:22.022","16"
"5584","9003397","2016-02-16T09:43:20.398","16"
"5516","9003267","2016-05-09T15:22:05.390","4"
"5502","9003959","2016-05-09T15:21:23.449","4"
"5504","9004440","2016-05-09T15:21:24.134","4"
"5506","9004438","2016-05-09T15:21:24.072","4"
"5508","9004591","2016-05-09T15:21:24.620","4"
"5510","9004860","2016-05-09T15:21:22.194","4"
"5511","9004669","2016-05-09T15:21:22.060","4"
"5513","9005296","2016-05-09T15:21:24.991","4"
"5515","9005450","2016-05-09T15:21:25.371","4"
"5517","9002271","2016-05-09T15:21:22.434","4"
"5519","9003916","2016-05-09T15:21:23.198","4"
"5521","9004458","2016-05-09T15:21:24.386","4"
"5523","9004219","2016-05-09T15:21:23.614","4"
"5525","9003915","2016-05-09T15:21:23.138","4"
"5526","9004524","2016-05-09T15:21:24.501","4"
"5528","9004512","2016-05-09T15:21:24.444","4"
"5498","9002873","2016-05-09T15:21:22.619","4"
"5501","9003917","2016-05-09T15:21:23.270","4"
"5503","9004272","2016-05-09T15:21:23.766","4"
"4417","9005614","2016-06-08T13:02:02.295","10"
"3916","9003566","2015-03-13T14:09:03.493","9"
"4011","9004351","2015-03-13T14:09:03.496","2"
"4002","9004830","2015-03-13T14:09:03.495","1"
"4005","9003319","2015-03-13T14:09:03.496","1"
"4006","9003815","2015-03-13T14:09:03.496","1"
"4009","9004076","2015-03-13T14:09:03.496","1"
"4010","9004971","2015-03-13T14:09:03.496","1"
"5237","9005707","2015-06-03T07:38:12.732","1"
"4422","9005545","2015-03-13T14:09:03.508","2"
"4423","9005007","2015-03-13T14:09:03.508","2"
"4425","9002987","2015-03-13T14:09:03.508","2"
"5238","9005670","2015-06-03T07:38:12.803","2"
"5586","9003796","2016-02-16T09:37:34.773","6"
"4443","9004211","2016-06-08T13:02:05.289","5"
"5505","9004442","2016-05-09T15:21:24.204","4"
"5507","9004443","2016-05-09T15:21:24.265","4"
"5509","9004592","2016-05-09T15:21:24.679","4"
"5518","9003211","2016-05-09T15:21:22.751","4"
"5547","9003212","2015-06-23T07:35:22.813","2"
"5522","9003540","2016-05-09T15:21:22.812","4"
"5416","9003845","2015-06-18T14:46:44.724","5"
"5412","9002229","2015-06-18T14:46:44.475","5"
"5248","9002990","2015-06-05T09:51:11.062","2"
"5249","9002728","2015-06-05T09:51:11.168","2"
"5251","9003070","2015-06-05T09:51:11.293","2"
"5252","9003686","2015-06-05T09:51:11.351","2"
"5590","9003411","2016-02-16T10:28:14.756","8"
"5241","9005170","2015-06-03T14:39:23.957","2"
"5234","9005028","2015-06-03T07:27:42.653","4"
"5413","9003165","2015-06-18T14:46:44.537","5"
"4793","9004142","2015-03-13T14:09:03.518","5"
"4795","9004145","2015-03-13T14:09:03.518","5"
"4796","9004630","2015-03-13T14:09:03.518","5"
"4797","9004314","2015-03-13T14:09:03.518","5"
"5524","9003919","2016-05-09T15:21:23.392","4"
"5527","9004437","2016-05-09T15:21:24.003","4"
"5529","9004814","2016-05-09T15:21:22.132","4"
"5535","9003203","2016-05-09T15:21:22.687","4"
"5536","9003541","2016-05-09T15:21:22.872","4"
"5537","9004197","2016-05-09T15:21:23.557","4"
"5538","9003841","2016-05-09T15:21:23.073","4"
"5539","9004271","2016-05-09T15:21:23.678","4"
"5540","9003629","2016-05-09T15:21:22.950","4"
"5541","9004345","2016-05-09T15:21:23.842","4"
"5542","9004994","2016-05-09T15:21:22.317","4"
"5543","9004527","2016-05-09T15:21:24.561","4"
"5544","9004998","2016-05-09T15:21:22.378","4"
"5545","9004972","2016-05-09T15:21:22.254","4"
"5549","9004422","2016-05-09T15:21:23.917","4"
"4798","9005195","2015-03-13T14:09:03.519","5"
"4799","9004732","2015-03-13T14:09:03.519","5"
"4800","9004320","2015-03-13T14:09:03.519","5"
"4821","9004186","2015-03-13T14:09:03.519","5"
"4822","9004552","2015-03-13T14:09:03.519","5"
"4823","9004481","2015-03-13T14:09:03.519","5"
"5415","9004464","2015-06-18T14:46:44.656","5"
"4824","9004631","2015-03-13T14:09:03.519","5"
"4834","9004340","2015-03-13T14:09:03.519","5"
"4835","9004143","2015-03-13T14:09:03.520","5"
"4836","9003958","2015-03-13T14:09:03.520","5"
"4837","9005096","2015-03-13T14:09:03.520","5"
"5161","9005624","2015-06-01T09:56:39.152","5"
"5417","9003095","2015-06-18T14:46:44.790","5"
"5411","9002226","2015-06-18T14:46:44.416","5"
"5414","9004243","2015-06-18T14:46:44.598","5"
"5418","9003013","2015-06-18T14:46:44.873","4"
"5297","9003019","2015-06-05T09:53:55.384","3"
"5404","9005500","2015-06-18T14:46:43.959","4"
"3755","9004600","2015-03-13T14:09:03.488","2"
"5159","9003189","2015-06-01T09:55:51.619","4"
"5410","9003197","2015-06-18T14:46:44.355","5"
"5435","9005663","2015-06-18T14:46:45.963","5"
"5419","9005128","2015-06-18T14:46:44.936","5"
"5420","9003618","2015-06-18T14:46:45.000","5"
"5408","9003590","2015-06-18T14:46:44.226","5"
"5422","9005076","2015-06-18T14:46:45.123","5"
"5424","9004937","2015-06-18T14:46:45.258","5"
"5427","9004490","2015-06-18T14:46:45.465","5"
"5429","9002418","2015-06-18T14:46:45.591","5"
"5431","9005306","2015-06-18T14:46:45.706","5"
"5208","9004355","2015-11-27T14:37:09.356","10"
"5432","9005344","2015-06-18T14:46:45.774","5"
"5160","9005705","2015-06-01T09:56:39.091","5"
"5403","9004688","2015-06-18T14:46:43.898","5"
"5423","9004765","2015-06-18T14:46:45.185","5"
"5405","9004866","2015-06-18T14:46:44.018","5"
"5406","9004855","2015-06-18T14:46:44.079","5"
"5407","9004341","2015-06-18T14:46:44.142","5"
"5409","9002882","2015-06-18T14:46:44.292","5"
"5421","9002339","2015-06-18T14:46:45.062","5"
"5425","9004708","2015-06-18T14:46:45.318","5"
"5583","9004233","2016-02-16T09:40:46.014","16"
"5212","9003495","2016-06-07T09:26:19.142","10"
"5426","9004828","2015-06-18T14:46:45.381","5"
"5428","9005103","2015-06-18T14:46:45.525","5"
"5430","9002907","2015-06-18T14:46:45.649","5"
"5433","9003788","2015-06-18T14:46:45.840","5"
"5434","9002528","2015-06-18T14:46:45.902","5"
"5436","9005036","2015-06-18T14:46:46.021","5"
"5437","9005158","2015-06-18T14:46:46.079","5"
"5438","9005497","2015-06-18T14:46:46.139","5"
"5003","9005157","2015-03-30T14:47:09.255","10"
"5004","9002922","2015-03-30T14:47:09.322","10"
"5005","9003260","2015-03-30T14:47:09.383","10"
"5006","9004406","2015-03-30T14:47:09.448","10"
"5007","9002334","2015-03-30T14:47:09.511","10"
"5331","9004274","2015-06-05T09:57:55.253","3"
"5008","9004534","2015-03-30T14:47:09.585","10"
"4473","9003503","2015-03-13T14:09:03.509","2"
"4475","9004436","2015-03-13T14:09:03.509","2"
"5240","9004365","2015-06-03T14:39:23.896","2"
"3961","9003532","2015-03-13T14:09:03.494","5"
"3962","9002910","2015-03-13T14:09:03.494","5"
"4782","9005260","2015-03-13T14:09:03.518","7"
"4783","9005555","2015-03-13T14:09:03.518","7"
