"id_rc_task","id_agent","id_agent_creation","date_creation","id_ventil_date","date_calcul","task_status","version"
"1","9004365","9004955","2015-07-09T15:20:38.600","4","2015-07-09T20:00:00.794","OK","0"
"2","9005170","9004955","2015-07-09T15:20:38.614","4","2015-07-09T20:00:01.580","OK","0"
"3","9004476","9004955","2015-07-09T15:20:38.623","4","2015-07-09T20:00:02.972","OK","0"
"4","9005253","9004955","2015-07-09T15:20:38.627","4","2015-07-09T20:00:04.785","OK","0"
"5","9004187","9004955","2015-07-09T15:20:38.636","4","2015-07-09T20:00:05.457","OK","0"
"6","9004202","9004955","2015-07-09T15:20:38.638","4","2015-07-09T20:00:05.766","OK","0"
"7","9005013","9004955","2015-07-09T15:20:38.640","4","2015-07-09T20:00:06.597","OK","0"
"8","9002229","9004955","2015-07-20T11:15:16.153","5","2015-07-20T20:00:04.192","OK","0"
"9","9003386","9004955","2015-07-20T11:15:16.219","5","2015-07-20T20:00:05.360","OK","0"
"10","9004241","9004955","2015-07-20T11:15:16.221","5","2015-07-20T20:00:06.058","OK","0"
"11","9002416","9004955","2015-07-20T11:15:16.223","5","2015-07-20T20:00:10.168","OK","0"
"12","9004318","9004955","2015-07-20T11:15:16.224","5","2015-07-20T20:00:11.344","OK","0"
"13","9004447","9004955","2015-07-20T11:15:16.226","5","2015-07-20T20:00:12.065","OK","0"
"14","9002418","9004955","2015-07-20T11:15:16.227","5","2015-07-20T20:00:16.577","OK","0"
"15","9003262","9004955","2015-07-20T11:15:16.228","5","2015-07-20T20:00:18.550","OK","0"
"16","9003712","9004955","2015-08-14T07:45:56.982","6","2015-08-14T20:00:00.716","OK","0"
"17","9003953","9004955","2015-08-14T07:45:57.006","6","2015-08-14T20:00:03.956","OK","0"
"18","9004744","9004955","2015-08-14T07:45:57.009","6","2015-08-14T20:00:06.075","OK","0"
"19","9005475","9004955","2015-08-14T07:45:57.015","6","2015-08-14T20:00:06.545","OK","0"
"20","9003236","9004955","2015-08-14T07:45:57.018","6","2015-08-14T20:00:07.287","OK","0"
"21","9004464","9004955","2015-08-14T07:45:57.020","6","2015-08-14T20:00:08.532","OK","0"
"22","9005170","9004955","2015-08-14T07:45:57.022","6","2015-08-14T20:00:10.258","OK","0"
"23","9005180","9004955","2015-08-14T07:45:57.024","6","2015-08-14T20:00:10.985","OK","0"
"24","9005321","9004955","2015-08-14T07:45:57.025","6","2015-08-14T20:00:11.700","OK","0"
"25","9005379","9004955","2015-08-14T07:45:57.026","6","2015-08-14T20:00:13.082","OK","0"
"26","9005491","9004955","2015-08-14T07:45:57.028","6","2015-08-14T20:00:13.646","OK","0"
"27","9003681","9004955","2015-08-14T07:45:57.035","6","2015-08-14T20:00:14.011","OK","0"
"28","9004365","9004955","2015-08-14T07:45:57.043","6","2015-08-14T20:00:15.657","OK","0"
"29","9004421","9004955","2015-08-14T07:45:57.047","6","2015-08-14T20:00:16.486","OK","0"
"30","9004645","9004955","2015-08-14T07:45:57.049","6","2015-08-14T20:00:16.972","OK","0"
"31","9005490","9004955","2015-08-14T07:45:57.058","6","2015-08-14T20:00:17.221","OK","0"
"32","9004187","9004955","2015-08-14T07:45:57.071","6","2015-08-14T20:00:17.716","OK","0"
"33","9004202","9004955","2015-08-14T07:45:57.073","6","2015-08-14T20:00:18.107","OK","0"
"34","9004476","9004955","2015-08-14T07:45:57.077","6","2015-08-14T20:00:18.683","OK","0"
"35","9004491","9004955","2015-08-14T07:45:57.079","6","2015-08-14T20:00:19.095","OK","0"
"36","9005253","9004955","2015-08-14T07:45:57.084","6","2015-08-14T20:00:19.612","OK","0"
"37","9003869","9004955","2015-08-14T07:45:57.092","6","2015-08-14T20:00:19.827","OK","0"
"38","9004058","9004955","2015-08-14T07:45:57.093","6","2015-08-14T20:00:20.062","OK","0"
"39","9004079","9004955","2015-08-14T07:45:57.095","6","2015-08-14T20:00:20.303","OK","0"
"40","9004488","9004955","2015-08-14T07:45:57.098","6","2015-08-14T20:00:20.562","OK","0"
"41","9004542","9004955","2015-08-14T07:45:57.100","6","2015-08-14T20:00:20.798","OK","0"
"42","9004661","9004955","2015-08-14T07:45:57.101","6","2015-08-14T20:00:21.047","OK","0"
"43","9004787","9004955","2015-08-14T07:45:57.102","6","2015-08-14T20:00:21.296","OK","0"
"44","9005420","9004955","2015-08-14T07:45:57.106","6","2015-08-14T20:00:21.565","OK","0"
"45","9005619","9004955","2015-08-14T07:45:57.107","6","2015-08-14T20:00:21.820","OK","0"
"46","9005013","9004955","2015-08-14T07:45:57.110","6","2015-08-14T20:00:22.097","OK","0"
"47","9004634","9004955","2015-08-24T09:50:02.639","7","2015-08-24T20:00:00.528","OK","0"
"48","9003386","9004955","2015-08-24T09:50:02.647","7","2015-08-24T20:00:01.158","OK","0"
"49","9004131","9004955","2015-08-24T09:50:02.649","7","2015-08-24T20:00:01.867","OK","0"
"50","9002229","9004955","2015-08-24T09:50:02.651","7","2015-08-24T20:00:02.902","OK","0"
"51","9002949","9004955","2015-08-24T09:50:02.654","7","2015-08-24T20:00:03.525","OK","0"
"52","9003200","9004955","2015-08-24T09:50:02.656","7","2015-08-24T20:00:04.371","OK","0"
"53","9004318","9004955","2015-08-24T09:50:02.657","7","2015-08-24T20:00:04.745","OK","0"
"54","9004447","9004955","2015-08-24T09:50:02.659","7","2015-08-24T20:00:05.171","OK","0"
"55","9004786","9004955","2015-08-24T09:50:02.660","7","2015-08-24T20:00:05.421","OK","0"
"56","9002246","9004955","2015-08-24T09:50:02.662","7","2015-08-24T20:00:05.661","OK","0"
"57","9002416","9004955","2015-08-24T09:50:02.663","7","2015-08-24T20:00:05.884","OK","0"
"58","9002418","9004955","2015-08-24T09:50:02.665","7","2015-08-24T20:00:06.278","OK","0"
"59","9002528","9004955","2015-08-24T09:50:02.667","7","2015-08-24T20:00:06.586","OK","0"
"60","9003339","9004955","2015-08-24T09:50:02.668","7","2015-08-24T20:00:06.825","OK","0"
"61","9003417","9004955","2015-08-24T09:50:02.670","7","2015-08-24T20:00:07.187","OK","0"
"62","9003573","9004955","2015-08-24T09:50:02.671","7","2015-08-24T20:00:07.413","OK","0"
"63","9004144","9004955","2015-08-24T09:50:02.673","7","2015-08-24T20:00:07.789","OK","0"
"64","9004474","9004955","2015-08-24T09:50:02.674","7","2015-08-24T20:00:08.174","OK","0"
"65","9004684","9004955","2015-08-24T09:50:02.676","7","2015-08-24T20:00:08.378","OK","0"
"66","9003088","9004955","2015-08-24T09:50:02.677","7","2015-08-24T20:00:09.152","OK","0"
"67","9002607","9004955","2015-08-24T09:50:02.679","7","2015-08-24T20:00:09.508","OK","0"
"68","9004241","9004955","2015-08-24T09:50:02.680","7","2015-08-24T20:00:09.724","OK","0"
"101","9004241","9004955","2015-09-18T10:40:22.086","9","2015-09-18T20:00:05.725","OK","0"
"102","9002229","9004955","2015-09-18T10:40:22.091","9","2015-09-18T20:00:07.212","OK","0"
"103","9004472","9004955","2015-09-18T10:40:22.093","9","2015-09-18T20:00:07.437","OK","0"
"104","9003088","9004955","2015-09-18T10:40:22.094","9","2015-09-18T20:00:08.882","OK","0"
"105","9003200","9004955","2015-09-18T10:40:22.096","9","2015-09-18T20:00:09.200","OK","0"
"106","9003339","9004955","2015-09-18T10:40:22.098","9","2015-09-18T20:00:09.476","OK","0"
"107","9004131","9004955","2015-09-18T10:40:22.099","9","2015-09-18T20:00:09.714","OK","0"
"108","9004474","9004955","2015-09-18T10:40:22.100","9","2015-09-18T20:00:09.954","OK","0"
"109","9002418","9004955","2015-09-18T10:40:22.102","9","2015-09-18T20:00:11.497","OK","0"
"110","9002607","9004955","2015-09-18T10:40:22.103","9","2015-09-18T20:00:12.201","OK","0"
"111","9004145","9004955","2015-09-18T10:40:22.105","9","2015-09-18T20:00:12.441","OK","0"
"69","9004582","9004955","2015-09-14T09:45:25.510","8","2015-09-14T20:00:00.360","OK","0"
"70","9003953","9004955","2015-09-14T09:45:25.521","8","2015-09-14T20:00:00.847","OK","0"
"71","9004744","9004955","2015-09-14T09:45:25.523","8","2015-09-14T20:00:01.267","OK","0"
"72","9003712","9004955","2015-09-14T09:45:25.528","8","2015-09-14T20:00:02.336","OK","0"
"73","9005180","9004955","2015-09-14T09:45:25.535","8","2015-09-14T20:00:03.505","OK","0"
"74","9005716","9004955","2015-09-14T09:45:25.538","8","2015-09-14T20:00:04.334","OK","0"
"75","9003410","9004955","2015-09-14T09:45:25.552","8","2015-09-14T20:00:04.567","OK","0"
"76","9004645","9004955","2015-09-14T09:45:25.557","8","2015-09-14T20:00:05.141","OK","0"
"77","9004491","9004955","2015-09-14T09:45:25.575","8","2015-09-14T20:00:05.549","OK","0"
"78","9005321","9004955","2015-09-14T09:45:25.582","8","2015-09-14T20:00:05.785","OK","0"
"303","9004696","9004955","2016-01-14T09:11:34.717","16","2016-01-14T20:00:05.721","OK","0"
"305","9005341","9004955","2016-01-14T09:11:34.721","16","2016-01-14T20:00:10.513","OK","0"
"306","9005536","9004955","2016-01-14T09:11:34.722","16","2016-01-14T20:00:13.666","OK","0"
"307","9003236","9004955","2016-01-14T09:11:34.727","16","2016-01-14T20:00:15.956","OK","0"
"309","9005532","9004955","2016-01-14T09:11:34.730","16","2016-01-14T20:00:21.856","OK","0"
"310","9005713","9004955","2016-01-14T09:11:34.731","16","2016-01-14T20:00:22.317","OK","0"
"311","9005367","9004955","2016-01-14T09:11:34.733","16","2016-01-14T20:00:25.697","OK","0"
"313","9004483","9004955","2016-01-14T09:11:34.738","16","2016-01-14T20:00:38.891","OK","0"
"314","9005518","9004955","2016-01-14T09:11:34.740","16","2016-01-14T20:00:41.536","OK","0"
"316","9005734","9004955","2016-01-14T09:11:34.743","16","2016-01-14T20:00:47.098","OK","0"
"317","9005750","9004955","2016-01-14T09:11:34.745","16","2016-01-14T20:00:49.605","OK","0"
"318","9005753","9004955","2016-01-14T09:11:34.746","16","2016-01-14T20:00:53.563","OK","0"
"79","9005624","9004955","2015-09-14T09:45:25.583","8","2015-09-14T20:00:06.014","OK","0"
"80","9003305","9004955","2015-09-14T09:45:25.590","8","2015-09-14T20:00:06.229","OK","0"
"81","9004365","9004955","2015-09-14T09:45:25.596","8","2015-09-14T20:00:06.634","OK","0"
"82","9004522","9004955","2015-09-14T09:45:25.597","8","2015-09-14T20:00:06.860","OK","0"
"83","9004842","9004955","2015-09-14T09:45:25.599","8","2015-09-14T20:00:07.097","OK","0"
"84","9004878","9004955","2015-09-14T09:45:25.601","8","2015-09-14T20:00:07.651","OK","0"
"85","9003578","9004955","2015-09-14T09:45:25.605","8","2015-09-14T20:00:07.871","OK","0"
"86","9003861","9004955","2015-09-14T09:45:25.608","8","2015-09-14T20:00:08.103","OK","0"
"87","9004540","9004955","2015-09-14T09:45:25.611","8","2015-09-14T20:00:08.318","OK","0"
"88","9004548","9004955","2015-09-14T09:45:25.613","8","2015-09-14T20:00:08.546","OK","0"
"89","9004728","9004955","2015-09-14T09:45:25.615","8","2015-09-14T20:00:08.769","OK","0"
"90","9005170","9004955","2015-09-14T09:45:25.618","8","2015-09-14T20:00:09.153","OK","0"
"91","9005475","9004955","2015-09-14T09:45:25.619","8","2015-09-14T20:00:09.545","OK","0"
"92","9003869","9004955","2015-09-14T09:45:25.622","8","2015-09-14T20:00:09.767","OK","0"
"93","9004134","9004955","2015-09-14T09:45:25.625","8","2015-09-14T20:00:09.984","OK","0"
"94","9004142","9004955","2015-09-14T09:45:25.626","8","2015-09-14T20:00:10.410","OK","0"
"95","9004178","9004955","2015-09-14T09:45:25.628","8","2015-09-14T20:00:10.625","OK","0"
"96","9004320","9004955","2015-09-14T09:45:25.630","8","2015-09-14T20:00:11.042","OK","0"
"97","9004518","9004955","2015-09-14T09:45:25.635","8","2015-09-14T20:00:11.298","OK","0"
"98","9004962","9004955","2015-09-14T09:45:25.639","8","2015-09-14T20:00:11.527","OK","0"
"99","9004630","9004955","2015-09-14T09:45:25.644","8","2015-09-14T20:00:11.793","OK","0"
"100","9005195","9004955","2015-09-14T09:45:25.647","8","2015-09-14T20:00:12.028","OK","0"
"112","9005341","9004955","2015-10-12T12:00:54.785","10","2015-10-12T20:00:00.792","OK","0"
"113","9005491","9004955","2015-10-12T12:00:54.799","10","2015-10-12T20:00:02.115","OK","0"
"114","9005536","9004955","2015-10-12T12:00:54.802","10","2015-10-12T20:00:02.669","OK","0"
"115","9003712","9004955","2015-10-12T12:00:54.805","10","2015-10-12T20:00:03.856","OK","0"
"116","9004744","9004955","2015-10-12T12:00:54.808","10","2015-10-12T20:00:04.177","OK","0"
"117","9003681","9004955","2015-10-12T12:00:54.820","10","2015-10-12T20:00:05.004","OK","0"
"118","9005675","9004955","2015-10-12T12:00:54.826","10","2015-10-12T20:00:05.235","OK","0"
"119","9003953","9004955","2015-10-12T12:00:54.842","10","2015-10-12T20:00:05.491","OK","0"
"120","9004365","9004955","2015-10-12T12:00:54.874","10","2015-10-12T20:00:06.101","OK","0"
"121","9004476","9004955","2015-10-12T12:00:54.876","10","2015-10-12T20:00:07.010","OK","0"
"122","9004645","9004955","2015-10-12T12:00:54.879","10","2015-10-12T20:00:07.726","OK","0"
"123","9005013","9004955","2015-10-12T12:00:54.883","10","2015-10-12T20:00:08.412","OK","0"
"124","9005170","9004955","2015-10-12T12:00:54.885","10","2015-10-12T20:00:09.042","OK","0"
"125","9005499","9004955","2015-10-12T12:00:54.892","10","2015-10-12T20:00:09.291","OK","0"
"126","9005624","9004955","2015-10-12T12:00:54.895","10","2015-10-12T20:00:09.558","OK","0"
"127","9005653","9004955","2015-10-12T12:00:54.897","10","2015-10-12T20:00:09.793","OK","0"
"128","9005716","9004955","2015-10-12T12:00:54.903","10","2015-10-12T20:00:10.288","OK","0"
"129","9005729","9004955","2015-10-12T12:00:54.905","10","2015-10-12T20:00:10.558","OK","0"
"130","9004187","9004955","2015-10-12T12:00:54.912","10","2015-10-12T20:00:10.811","OK","0"
"131","9004202","9004955","2015-10-12T12:00:54.915","10","2015-10-12T20:00:11.054","OK","0"
"132","9004491","9004955","2015-10-12T12:00:54.918","10","2015-10-12T20:00:11.499","OK","0"
"133","9004750","9004955","2015-10-12T12:00:54.921","10","2015-10-12T20:00:11.914","OK","0"
"134","9005082","9004955","2015-10-12T12:00:54.925","10","2015-10-12T20:00:12.362","OK","0"
"135","9005253","9004955","2015-10-12T12:00:54.927","10","2015-10-12T20:00:12.794","OK","0"
"136","9005420","9004955","2015-10-12T12:00:54.932","10","2015-10-12T20:00:13.052","OK","0"
"137","9005475","9004955","2015-10-12T12:00:54.934","10","2015-10-12T20:00:13.467","OK","0"
"138","9005665","9004955","2015-10-12T12:00:54.937","10","2015-10-12T20:00:13.887","OK","0"
"139","9003590","9004955","2015-10-12T12:00:54.942","10","2015-10-12T20:00:14.125","OK","0"
"140","9003869","9004955","2015-10-12T12:00:54.945","10","2015-10-12T20:00:14.558","OK","0"
"141","9004237","9004955","2015-10-12T12:00:54.949","10","2015-10-12T20:00:14.806","OK","0"
"142","9005384","9004955","2015-10-12T12:00:54.957","10","2015-10-12T20:00:15.018","OK","0"
"143","9005464","9004955","2015-10-12T12:00:54.959","10","2015-10-12T20:00:15.283","OK","0"
"144","9005180","9004955","2015-10-12T12:00:54.966","10","2015-10-12T20:00:15.512","OK","0"
"145","9004786","9004735","2015-10-20T13:30:41.937","11","2015-10-20T20:00:04.115","OK","0"
"146","9004241","9004735","2015-10-20T13:30:42.007","11","2015-10-20T20:00:06.558","OK","0"
"147","9002416","9004735","2015-10-20T13:30:42.010","11","2015-10-20T20:00:07.287","OK","0"
"148","9003200","9004735","2015-10-20T13:30:42.014","11","2015-10-20T20:00:08.877","OK","0"
"149","9002229","9004735","2015-10-20T13:30:42.017","11","2015-10-20T20:00:09.617","OK","0"
"150","9002607","9004735","2015-10-20T13:30:42.021","11","2015-10-20T20:00:11.173","OK","0"
"151","9003339","9004735","2015-10-20T13:30:42.025","11","2015-10-20T20:00:12.103","OK","0"
"152","9003386","9004735","2015-10-20T13:30:42.029","11","2015-10-20T20:00:13.424","OK","0"
"153","9004131","9004735","2015-10-20T13:30:42.032","11","2015-10-20T20:00:13.899","OK","0"
"154","9004143","9004735","2015-10-20T13:30:42.033","11","2015-10-20T20:00:14.336","OK","0"
"155","9004144","9004735","2015-10-20T13:30:42.034","11","2015-10-20T20:00:15.416","OK","0"
"156","9004145","9004735","2015-10-20T13:30:42.035","11","2015-10-20T20:00:15.632","OK","0"
"157","9004318","9004735","2015-10-20T13:30:42.036","11","2015-10-20T20:00:16.031","OK","0"
"158","9004340","9004735","2015-10-20T13:30:42.038","11","2015-10-20T20:00:16.569","OK","0"
"159","9004402","9004735","2015-10-20T13:30:42.039","11","2015-10-20T20:00:17.767","OK","0"
"160","9004447","9004735","2015-10-20T13:30:42.040","11","2015-10-20T20:00:18.157","OK","0"
"161","9004474","9004735","2015-10-20T13:30:42.042","11","2015-10-20T20:00:18.700","OK","0"
"162","9005096","9004735","2015-10-20T13:30:42.043","11","2015-10-20T20:00:19.687","OK","0"
"163","9005101","9004735","2015-10-20T13:30:42.044","11","2015-10-20T20:00:20.049","OK","0"
"164","9002418","9004735","2015-10-20T13:30:42.045","11","2015-10-20T20:00:20.470","OK","0"
"165","9003769","9004735","2015-10-20T13:30:42.051","11","2015-10-20T20:00:20.698","OK","0"
"166","9004481","9004735","2015-10-20T13:30:42.054","11","2015-10-20T20:00:21.543","OK","0"
"167","9003088","9004735","2015-10-20T13:30:42.060","11","2015-10-20T20:00:21.809","OK","0"
"225","9004318","9004955","2015-11-20T14:55:53.812","13","2015-11-20T20:00:23.648","OK","0"
"285","9003200","9004955","2015-12-14T09:55:35.210","15","2015-12-14T20:00:11.606","OK","0"
"286","9003339","9004955","2015-12-14T09:55:35.211","15","2015-12-14T20:00:11.881","OK","0"
"287","9004131","9004955","2015-12-14T09:55:35.212","15","2015-12-14T20:00:12.165","OK","0"
"288","9004145","9004955","2015-12-14T09:55:35.213","15","2015-12-14T20:00:13.891","OK","0"
"289","9004314","9004955","2015-12-14T09:55:35.214","15","2015-12-14T20:00:14.517","OK","0"
"290","9004340","9004955","2015-12-14T09:55:35.216","15","2015-12-14T20:00:15.241","OK","0"
"291","9004474","9004955","2015-12-14T09:55:35.217","15","2015-12-14T20:00:15.472","OK","0"
"292","9004732","9004955","2015-12-14T09:55:35.218","15","2015-12-14T20:00:16.209","OK","0"
"293","9004143","9004955","2015-12-14T09:55:35.220","15","2015-12-14T20:00:16.511","OK","0"
"294","9004173","9004955","2015-12-14T09:55:35.221","15","2015-12-14T20:00:16.755","OK","0"
"168","9004002","9004955","2015-11-10T13:40:47.330","12","2015-11-10T20:00:00.760","OK","0"
"169","9004317","9004955","2015-11-10T13:40:47.338","12","2015-11-10T20:00:02.245","OK","0"
"170","9004483","9004955","2015-11-10T13:40:47.342","12","2015-11-10T20:00:08.710","OK","0"
"171","9004557","9004955","2015-11-10T13:40:47.345","12","2015-11-10T20:00:11.048","OK","0"
"172","9004563","9004955","2015-11-10T13:40:47.347","12","2015-11-10T20:00:11.671","OK","0"
"173","9004594","9004955","2015-11-10T13:40:47.349","12","2015-11-10T20:00:14.871","OK","0"
"174","9004671","9004955","2015-11-10T13:40:47.350","12","2015-11-10T20:00:15.194","OK","0"
"175","9003861","9004955","2015-11-10T13:40:47.352","12","2015-11-10T20:00:15.494","OK","0"
"176","9003953","9004955","2015-11-10T13:40:47.353","12","2015-11-10T20:00:16.347","OK","0"
"177","9004548","9004955","2015-11-10T13:40:47.356","12","2015-11-10T20:00:18.461","OK","0"
"321","9004594","9004955","2016-01-14T09:11:34.753","16","2016-01-14T20:00:57.976","OK","0"
"322","9005366","9004955","2016-01-14T09:11:34.756","16","2016-01-14T20:00:59.555","OK","0"
"323","9003305","9004955","2016-01-14T09:11:34.761","16","2016-01-14T20:01:01.158","OK","0"
"325","9003869","9004955","2016-01-14T09:11:34.765","16","2016-01-14T20:01:04.036","OK","0"
"326","9004079","9004955","2016-01-14T09:11:34.767","16","2016-01-14T20:01:05.071","OK","0"
"178","9004728","9004955","2015-11-10T13:40:47.357","12","2015-11-10T20:00:18.789","OK","0"
"179","9004079","9004955","2015-11-10T13:40:47.362","12","2015-11-10T20:00:19.300","OK","0"
"180","9004542","9004955","2015-11-10T13:40:47.363","12","2015-11-10T20:00:19.754","OK","0"
"181","9004558","9004955","2015-11-10T13:40:47.365","12","2015-11-10T20:00:20.545","OK","0"
"182","9004744","9004955","2015-11-10T13:40:47.367","12","2015-11-10T20:00:23.041","OK","0"
"183","9005734","9004955","2015-11-10T13:40:47.369","12","2015-11-10T20:00:23.743","OK","0"
"184","9003410","9004955","2015-11-10T13:40:47.371","12","2015-11-10T20:00:24.137","OK","0"
"185","9003590","9004955","2015-11-10T13:40:47.373","12","2015-11-10T20:00:24.596","OK","0"
"186","9004237","9004955","2015-11-10T13:40:47.399","12","2015-11-10T20:00:26.084","OK","0"
"187","9004491","9004955","2015-11-10T13:40:47.402","12","2015-11-10T20:00:26.729","OK","0"
"188","9004645","9004955","2015-11-10T13:40:47.404","12","2015-11-10T20:00:27.150","OK","0"
"189","9005013","9004955","2015-11-10T13:40:47.410","12","2015-11-10T20:00:27.618","OK","0"
"190","9005170","9004955","2015-11-10T13:40:47.412","12","2015-11-10T20:00:28.500","OK","0"
"191","9005491","9004955","2015-11-10T13:40:47.418","12","2015-11-10T20:00:28.806","OK","0"
"192","9003305","9004955","2015-11-10T13:40:47.429","12","2015-11-10T20:00:29.072","OK","0"
"193","9003578","9004955","2015-11-10T13:40:47.439","12","2015-11-10T20:00:29.334","OK","0"
"194","9004365","9004955","2015-11-10T13:40:47.443","12","2015-11-10T20:00:29.591","OK","0"
"195","9004522","9004955","2015-11-10T13:40:47.446","12","2015-11-10T20:00:29.829","OK","0"
"196","9005076","9004955","2015-11-10T13:40:47.450","12","2015-11-10T20:00:30.271","OK","0"
"197","9005492","9004955","2015-11-10T13:40:47.454","12","2015-11-10T20:00:30.504","OK","0"
"198","9005733","9004955","2015-11-10T13:40:47.458","12","2015-11-10T20:00:30.773","OK","0"
"199","9004142","9004955","2015-11-10T13:40:47.462","12","2015-11-10T20:00:31.695","OK","0"
"200","9004320","9004955","2015-11-10T13:40:47.463","12","2015-11-10T20:00:33.622","OK","0"
"201","9005195","9004955","2015-11-10T13:40:47.466","12","2015-11-10T20:00:33.882","OK","0"
"202","9005490","9004955","2015-11-10T13:40:47.469","12","2015-11-10T20:00:34.303","OK","0"
"203","9003869","9004955","2015-11-10T13:40:47.474","12","2015-11-10T20:00:34.589","OK","0"
"204","9004476","9004955","2015-11-10T13:40:47.476","12","2015-11-10T20:00:34.878","OK","0"
"205","9004630","9004955","2015-11-10T13:40:47.477","12","2015-11-10T20:00:35.759","OK","0"
"206","9005384","9004955","2015-11-10T13:40:47.481","12","2015-11-10T20:00:36.301","OK","0"
"207","9005675","9004955","2015-11-10T13:40:47.487","12","2015-11-10T20:00:36.709","OK","0"
"208","9004241","9004955","2015-11-20T14:55:53.783","13","2015-11-20T20:00:06.506","OK","0"
"209","9004447","9004955","2015-11-20T14:55:53.790","13","2015-11-20T20:00:11.509","OK","0"
"210","9002418","9004955","2015-11-20T14:55:53.792","13","2015-11-20T20:00:12.304","OK","0"
"211","9002607","9004955","2015-11-20T14:55:53.794","13","2015-11-20T20:00:12.610","OK","0"
"212","9003386","9004955","2015-11-20T14:55:53.795","13","2015-11-20T20:00:13.104","OK","0"
"213","9004634","9004955","2015-11-20T14:55:53.797","13","2015-11-20T20:00:13.386","OK","0"
"214","9003200","9004955","2015-11-20T14:55:53.799","13","2015-11-20T20:00:14.233","OK","0"
"215","9003339","9004955","2015-11-20T14:55:53.800","13","2015-11-20T20:00:15.049","OK","0"
"216","9004131","9004955","2015-11-20T14:55:53.801","13","2015-11-20T20:00:15.809","OK","0"
"217","9004145","9004955","2015-11-20T14:55:53.802","13","2015-11-20T20:00:16.782","OK","0"
"218","9004314","9004955","2015-11-20T14:55:53.804","13","2015-11-20T20:00:18.072","OK","0"
"219","9004474","9004955","2015-11-20T14:55:53.805","13","2015-11-20T20:00:18.651","OK","0"
"220","9004732","9004955","2015-11-20T14:55:53.806","13","2015-11-20T20:00:21.554","OK","0"
"221","9004143","9004955","2015-11-20T14:55:53.807","13","2015-11-20T20:00:21.810","OK","0"
"222","9004340","9004955","2015-11-20T14:55:53.808","13","2015-11-20T20:00:22.315","OK","0"
"223","9005096","9004955","2015-11-20T14:55:53.810","13","2015-11-20T20:00:23.008","OK","0"
"224","9004242","9004955","2015-11-20T14:55:53.811","13","2015-11-20T20:00:23.313","OK","0"
"226","9004744","9004955","2015-12-08T11:25:58.693","14","2015-12-08T20:00:00.567","OK","0"
"227","9005716","9004955","2015-12-08T11:25:58.708","14","2015-12-08T20:00:04.621","OK","0"
"228","9003712","9004955","2015-12-08T11:25:58.711","14","2015-12-08T20:00:05.798","OK","0"
"229","9003681","9004955","2015-12-08T11:25:58.713","14","2015-12-08T20:00:06.188","OK","0"
"230","9004483","9004955","2015-12-08T11:25:58.716","14","2015-12-08T20:00:08.858","OK","0"
"231","9004594","9004955","2015-12-08T11:25:58.717","14","2015-12-08T20:00:09.178","OK","0"
"232","9005734","9004955","2015-12-08T11:25:58.719","14","2015-12-08T20:00:09.791","OK","0"
"233","9004312","9004955","2015-12-08T11:25:58.723","14","2015-12-08T20:00:10.198","OK","0"
"234","9004671","9004955","2015-12-08T11:25:58.725","14","2015-12-08T20:00:10.425","OK","0"
"235","9005168","9004955","2015-12-08T11:25:58.726","14","2015-12-08T20:00:11.013","OK","0"
"236","9005499","9004955","2015-12-08T11:25:58.727","14","2015-12-08T20:00:11.433","OK","0"
"237","9005532","9004955","2015-12-08T11:25:58.729","14","2015-12-08T20:00:11.811","OK","0"
"238","9005536","9004955","2015-12-08T11:25:58.730","14","2015-12-08T20:00:12.456","OK","0"
"239","9005713","9004955","2015-12-08T11:25:58.732","14","2015-12-08T20:00:12.677","OK","0"
"240","9004142","9004955","2015-12-08T11:25:58.748","14","2015-12-08T20:00:13.511","OK","0"
"241","9004320","9004955","2015-12-08T11:25:58.753","14","2015-12-08T20:00:13.745","OK","0"
"242","9004421","9004955","2015-12-08T11:25:58.754","14","2015-12-08T20:00:14.314","OK","0"
"243","9004491","9004955","2015-12-08T11:25:58.756","14","2015-12-08T20:00:14.794","OK","0"
"244","9004542","9004955","2015-12-08T11:25:58.757","14","2015-12-08T20:00:15.082","OK","0"
"245","9004630","9004955","2015-12-08T11:25:58.759","14","2015-12-08T20:00:15.853","OK","0"
"246","9004645","9004955","2015-12-08T11:25:58.760","14","2015-12-08T20:00:16.243","OK","0"
"247","9005170","9004955","2015-12-08T11:25:58.768","14","2015-12-08T20:00:16.799","OK","0"
"248","9005321","9004955","2015-12-08T11:25:58.775","14","2015-12-08T20:00:17.034","OK","0"
"249","9005341","9004955","2015-12-08T11:25:58.776","14","2015-12-08T20:00:17.703","OK","0"
"250","9005644","9004955","2015-12-08T11:25:58.778","14","2015-12-08T20:00:17.919","OK","0"
"251","9005732","9004955","2015-12-08T11:25:58.786","14","2015-12-08T20:00:18.131","OK","0"
"252","9003236","9004955","2015-12-08T11:25:58.789","14","2015-12-08T20:00:18.608","OK","0"
"253","9003578","9004955","2015-12-08T11:25:58.796","14","2015-12-08T20:00:18.845","OK","0"
"254","9003861","9004955","2015-12-08T11:25:58.801","14","2015-12-08T20:00:19.077","OK","0"
"255","9004365","9004955","2015-12-08T11:25:58.805","14","2015-12-08T20:00:19.643","OK","0"
"256","9004548","9004955","2015-12-08T11:25:58.809","14","2015-12-08T20:00:19.867","OK","0"
"257","9004728","9004955","2015-12-08T11:25:58.812","14","2015-12-08T20:00:20.089","OK","0"
"258","9004878","9004955","2015-12-08T11:25:58.815","14","2015-12-08T20:00:20.319","OK","0"
"259","9005013","9004955","2015-12-08T11:25:58.817","14","2015-12-08T20:00:20.718","OK","0"
"260","9005195","9004955","2015-12-08T11:25:58.818","14","2015-12-08T20:00:21.317","OK","0"
"261","9005496","9004955","2015-12-08T11:25:58.820","14","2015-12-08T20:00:21.593","OK","0"
"262","9005729","9004955","2015-12-08T11:25:58.826","14","2015-12-08T20:00:21.825","OK","0"
"263","9005063","9004955","2015-12-08T11:25:58.831","14","2015-12-08T20:00:22.300","OK","0"
"264","9005076","9004955","2015-12-08T11:25:58.833","14","2015-12-08T20:00:22.531","OK","0"
"265","9005383","9004955","2015-12-08T11:25:58.836","14","2015-12-08T20:00:22.750","OK","0"
"266","9005475","9004955","2015-12-08T11:25:58.838","14","2015-12-08T20:00:23.155","OK","0"
"267","9003305","9004955","2015-12-08T11:25:58.839","14","2015-12-08T20:00:23.377","OK","0"
"268","9004661","9004955","2015-12-08T11:25:58.848","14","2015-12-08T20:00:23.595","OK","0"
"269","9004670","9004955","2015-12-08T11:25:58.849","14","2015-12-08T20:00:23.801","OK","0"
"270","9004735","9004955","2015-12-08T11:25:58.852","14","2015-12-08T20:00:24.034","OK","0"
"271","9005253","9004955","2015-12-08T11:25:58.856","14","2015-12-08T20:00:24.265","OK","0"
"272","9005356","9004955","2015-12-08T11:25:58.858","14","2015-12-08T20:00:24.538","OK","0"
"273","9005384","9004955","2015-12-08T11:25:58.859","14","2015-12-08T20:00:24.957","OK","0"
"274","9005619","9004955","2015-12-08T11:25:58.862","14","2015-12-08T20:00:25.181","OK","0"
"275","9005654","9004955","2015-12-08T11:25:58.864","14","2015-12-08T20:00:25.407","OK","0"
"276","9002229","9004955","2015-12-14T09:55:35.165","15","2015-12-14T20:00:01.076","OK","0"
"277","9002418","9004955","2015-12-14T09:55:35.200","15","2015-12-14T20:00:02.708","OK","0"
"278","9003417","9004955","2015-12-14T09:55:35.201","15","2015-12-14T20:00:04.208","OK","0"
"279","9003530","9004955","2015-12-14T09:55:35.203","15","2015-12-14T20:00:04.569","OK","0"
"280","9003386","9004955","2015-12-14T09:55:35.204","15","2015-12-14T20:00:05.506","OK","0"
"281","9004241","9004955","2015-12-14T09:55:35.205","15","2015-12-14T20:00:06.313","OK","0"
"282","9004318","9004955","2015-12-14T09:55:35.206","15","2015-12-14T20:00:07.905","OK","0"
"283","9004447","9004955","2015-12-14T09:55:35.208","15","2015-12-14T20:00:10.182","OK","0"
"284","9004472","9004955","2015-12-14T09:55:35.209","15","2015-12-14T20:00:11.358","OK","0"
"295","9004684","9004955","2015-12-14T09:55:35.223","15","2015-12-14T20:00:17.464","OK","0"
"296","9005096","9004955","2015-12-14T09:55:35.224","15","2015-12-14T20:00:17.916","OK","0"
"297","9003088","9004955","2015-12-14T09:55:35.225","15","2015-12-14T20:00:18.190","OK","0"
"298","9003408","9004955","2015-12-14T09:55:35.227","15","2015-12-14T20:00:18.471","OK","0"
"299","9004402","9004955","2015-12-14T09:55:35.228","15","2015-12-14T20:00:18.715","OK","0"
"300","9004481","9004955","2015-12-14T09:55:35.229","15","2015-12-14T20:00:18.986","OK","0"
"301","9005101","9004955","2015-12-14T09:55:35.231","15","2015-12-14T20:00:19.233","OK","0"
"302","9003721","9004955","2016-01-14T09:11:34.714","16","2016-01-14T20:00:04.991","OK","0"
"304","9003578","9004955","2016-01-14T09:11:34.718","16","2016-01-14T20:00:07.917","OK","0"
"308","9004522","9004955","2016-01-14T09:11:34.728","16","2016-01-14T20:00:18.956","OK","0"
"312","9003712","9004955","2016-01-14T09:11:34.735","16","2016-01-14T20:00:29.876","OK","0"
"315","9005520","9004955","2016-01-14T09:11:34.741","16","2016-01-14T20:00:46.664","OK","0"
"319","9005754","9004955","2016-01-14T09:11:34.747","16","2016-01-14T20:00:55.032","OK","0"
"320","9004281","9004955","2016-01-14T09:11:34.751","16","2016-01-14T20:00:56.835","OK","0"
"324","9003326","9004955","2016-01-14T09:11:34.763","16","2016-01-14T20:01:03.553","OK","0"
"327","9004491","9004955","2016-01-14T09:11:34.768","16","2016-01-14T20:01:06.946","OK","0"
"328","9004600","9004955","2016-01-14T09:11:34.770","16","2016-01-14T20:01:07.652","OK","0"
"329","9004645","9004955","2016-01-14T09:11:34.771","16","2016-01-14T20:01:09.213","OK","0"
"330","9004728","9004955","2016-01-14T09:11:34.772","16","2016-01-14T20:01:10.257","OK","0"
"331","9005180","9004955","2016-01-14T09:11:34.773","16","2016-01-14T20:01:12.417","OK","0"
"332","9005471","9004955","2016-01-14T09:11:34.775","16","2016-01-14T20:01:13.734","OK","0"
"333","9005731","9004955","2016-01-14T09:11:34.779","16","2016-01-14T20:01:15.808","OK","0"
"334","9004365","9004955","2016-01-14T09:11:34.798","16","2016-01-14T20:01:21.539","OK","0"
"335","9005170","9004955","2016-01-14T09:11:34.806","16","2016-01-14T20:01:28.451","OK","0"
"336","9005475","9004955","2016-01-14T09:11:34.810","16","2016-01-14T20:01:29.219","OK","0"
"337","9003952","9004955","2016-01-14T09:11:34.822","16","2016-01-14T20:01:31.038","OK","0"
"338","9003985","9004955","2016-01-14T09:11:34.826","16","2016-01-14T20:01:32.333","OK","0"
"339","9004013","9004955","2016-01-14T09:11:34.828","16","2016-01-14T20:01:32.656","OK","0"
"340","9004186","9004955","2016-01-14T09:11:34.831","16","2016-01-14T20:01:39.253","OK","0"
"341","9004277","9004955","2016-01-14T09:11:34.835","16","2016-01-14T20:01:39.873","OK","0"
"342","9004320","9004955","2016-01-14T09:11:34.836","16","2016-01-14T20:01:44.183","OK","0"
"343","9004421","9004955","2016-01-14T09:11:34.838","16","2016-01-14T20:01:55.381","OK","0"
"344","9004473","9004955","2016-01-14T09:11:34.839","16","2016-01-14T20:02:00.262","OK","0"
"345","9004476","9004955","2016-01-14T09:11:34.841","16","2016-01-14T20:02:02.332","OK","0"
"346","9004532","9004955","2016-01-14T09:11:34.842","16","2016-01-14T20:02:04.804","OK","0"
"347","9004630","9004955","2016-01-14T09:11:34.844","16","2016-01-14T20:02:05.273","OK","0"
"348","9005013","9004955","2016-01-14T09:11:34.848","16","2016-01-14T20:02:05.678","OK","0"
"349","9005082","9004955","2016-01-14T09:11:34.850","16","2016-01-14T20:02:09.327","OK","0"
"350","9005195","9004955","2016-01-14T09:11:34.852","16","2016-01-14T20:02:09.889","OK","0"
"351","9005253","9004955","2016-01-14T09:11:34.853","16","2016-01-14T20:02:11.251","OK","0"
"352","9005384","9004955","2016-01-14T09:11:34.862","16","2016-01-14T20:02:12.730","OK","0"
"353","9005496","9004955","2016-01-14T09:11:34.866","16","2016-01-14T20:02:13.091","OK","0"
"354","9005654","9004955","2016-01-14T09:11:34.869","16","2016-01-14T20:02:13.452","OK","0"
"355","9005665","9004955","2016-01-14T09:11:34.871","16","2016-01-14T20:02:14.653","OK","0"
"356","9005666","9004955","2016-01-14T09:11:34.873","16","2016-01-14T20:02:15.297","OK","0"
"357","9005490","9004955","2016-01-14T09:11:34.888","16","2016-01-14T20:02:15.644","OK","0"
"358","9005729","9004955","2016-01-14T09:11:34.890","16","2016-01-14T20:02:17.318","OK","0"
"359","9005738","9004955","2016-01-14T09:11:34.892","16","2016-01-14T20:02:18.106","OK","0"
"360","9005624","9004955","2016-01-14T09:11:34.901","16","2016-01-14T20:02:24.466","OK","0"
"361","9005675","9004955","2016-01-14T09:11:34.906","16","2016-01-14T20:02:24.873","OK","0"
"362","9003200","9004955","2016-01-20T10:50:25.091","17","2016-01-20T20:00:02.701","OK","0"
"363","9003339","9004955","2016-01-20T10:50:25.098","17","2016-01-20T20:00:03.556","OK","0"
"364","9003417","9004955","2016-01-20T10:50:25.101","17","2016-01-20T20:00:03.822","OK","0"
"365","9004131","9004955","2016-01-20T10:50:25.104","17","2016-01-20T20:00:04.213","OK","0"
"366","9004474","9004955","2016-01-20T10:50:25.106","17","2016-01-20T20:00:04.657","OK","0"
"367","9003386","9004955","2016-01-20T10:50:25.109","17","2016-01-20T20:00:05.844","OK","0"
"368","9004241","9004955","2016-01-20T10:50:25.111","17","2016-01-20T20:00:09.495","OK","0"
"369","9004318","9004955","2016-01-20T10:50:25.113","17","2016-01-20T20:00:10.081","OK","0"
"370","9002416","9004955","2016-01-20T10:50:25.114","17","2016-01-20T20:00:10.363","OK","0"
"371","9003088","9004955","2016-01-20T10:50:25.115","17","2016-01-20T20:00:10.667","OK","0"
"372","9003264","9004955","2016-01-20T10:50:25.118","17","2016-01-20T20:00:10.946","OK","0"
"373","9004006","9004955","2016-01-20T10:50:25.119","17","2016-01-20T20:00:11.236","OK","0"
"374","9004357","9004955","2016-01-20T10:50:25.122","17","2016-01-20T20:00:11.487","OK","0"
"375","9004444","9004955","2016-01-20T10:50:25.124","17","2016-01-20T20:00:11.720","OK","0"
"376","9004481","9004955","2016-01-20T10:50:25.126","17","2016-01-20T20:00:12.114","OK","0"
"377","9002607","9004955","2016-01-20T10:50:25.128","17","2016-01-20T20:00:12.491","OK","0"
"378","9004144","9004955","2016-01-20T10:50:25.131","17","2016-01-20T20:00:12.764","OK","0"
"379","9004447","9004955","2016-01-20T10:50:25.133","17","2016-01-20T20:00:13.916","OK","0"
"425","9003386","9004735","2016-02-22T07:50:48.866","19","2016-02-22T20:00:04.102","OK","0"
"426","9003769","9004735","2016-02-22T07:50:48.867","19","2016-02-22T20:00:04.695","OK","0"
"427","9004145","9004735","2016-02-22T07:50:48.868","19","2016-02-22T20:00:05.151","OK","0"
"428","9004241","9004735","2016-02-22T07:50:48.869","19","2016-02-22T20:00:05.584","OK","0"
"429","9004314","9004735","2016-02-22T07:50:48.869","19","2016-02-22T20:00:06.113","OK","0"
"430","9004340","9004735","2016-02-22T07:50:48.870","19","2016-02-22T20:00:06.852","OK","0"
"431","9004402","9004735","2016-02-22T07:50:48.871","19","2016-02-22T20:00:08.024","OK","0"
"432","9004481","9004735","2016-02-22T07:50:48.872","19","2016-02-22T20:00:08.486","OK","0"
"433","9004504","9004735","2016-02-22T07:50:48.873","19","2016-02-22T20:00:08.900","OK","0"
"434","9004529","9004735","2016-02-22T07:50:48.873","19","2016-02-22T20:00:09.234","OK","0"
"435","9004552","9004735","2016-02-22T07:50:48.874","19","2016-02-22T20:00:09.610","OK","0"
"436","9004732","9004735","2016-02-22T07:50:48.875","19","2016-02-22T20:00:09.969","OK","0"
"380","9004569","9004955","2016-02-09T07:20:49.812","18","2016-02-09T20:00:01.841","OK","0"
"381","9004570","9004955","2016-02-09T07:20:49.815","18","2016-02-09T20:00:03.976","OK","0"
"382","9004744","9004955","2016-02-09T07:20:49.816","18","2016-02-09T20:00:05.396","OK","0"
"383","9005364","9004955","2016-02-09T07:20:49.817","18","2016-02-09T20:00:06.944","OK","0"
"384","9005664","9004955","2016-02-09T07:20:49.818","18","2016-02-09T20:00:07.433","OK","0"
"385","9003681","9004955","2016-02-09T07:20:49.819","18","2016-02-09T20:00:08.416","OK","0"
"467","9003769","9004735","2016-03-18T09:05:38.317","21","2016-03-18T20:00:01.641","OK","0"
"468","9004241","9004735","2016-03-18T09:05:38.318","21","2016-03-18T20:00:03.053","OK","0"
"469","9004402","9004735","2016-03-18T09:05:38.320","21","2016-03-18T20:00:03.553","OK","0"
"470","9004447","9004735","2016-03-18T09:05:38.321","21","2016-03-18T20:00:04.536","OK","0"
"471","9004634","9004735","2016-03-18T09:05:38.322","21","2016-03-18T20:00:05.155","OK","0"
"472","9005101","9004735","2016-03-18T09:05:38.323","21","2016-03-18T20:00:05.401","OK","0"
"486","9004079","9004735","2016-04-11T08:55:48.190","22","2016-04-11T20:00:09.487","OK","0"
"487","9004542","9004735","2016-04-11T08:55:48.191","22","2016-04-11T20:00:09.756","OK","0"
"489","9005082","9004735","2016-04-11T08:55:48.193","22","2016-04-11T20:00:10.588","OK","0"
"490","9005532","9004735","2016-04-11T08:55:48.195","22","2016-04-11T20:00:10.873","OK","0"
"491","9003305","9004735","2016-04-11T08:55:48.199","22","2016-04-11T20:00:16.447","OK","0"
"493","9004365","9004735","2016-04-11T08:55:48.209","22","2016-04-11T20:00:18.617","OK","0"
"494","9004403","9004735","2016-04-11T08:55:48.211","22","2016-04-11T20:00:22.219","OK","0"
"495","9004476","9004735","2016-04-11T08:55:48.212","22","2016-04-11T20:00:22.840","OK","0"
"497","9005170","9004735","2016-04-11T08:55:48.219","22","2016-04-11T20:00:26.028","OK","0"
"498","9005321","9004735","2016-04-11T08:55:48.223","22","2016-04-11T20:00:26.333","OK","0"
"386","9004560","9004955","2016-02-09T07:20:49.821","18","2016-02-09T20:00:08.753","OK","0"
"387","9005738","9004955","2016-02-09T07:20:49.822","18","2016-02-09T20:00:10.892","OK","0"
"388","9003953","9004955","2016-02-09T07:20:49.824","18","2016-02-09T20:00:11.368","OK","0"
"389","9005734","9004955","2016-02-09T07:20:49.825","18","2016-02-09T20:00:11.883","OK","0"
"390","9003869","9004955","2016-02-09T07:20:49.826","18","2016-02-09T20:00:12.222","OK","0"
"391","9004645","9004955","2016-02-09T07:20:49.828","18","2016-02-09T20:00:12.518","OK","0"
"392","9005750","9004955","2016-02-09T07:20:49.829","18","2016-02-09T20:00:14.068","OK","0"
"393","9005367","9004955","2016-02-09T07:20:49.830","18","2016-02-09T20:00:14.425","OK","0"
"394","9005464","9004955","2016-02-09T07:20:49.831","18","2016-02-09T20:00:15.681","OK","0"
"395","9005518","9004955","2016-02-09T07:20:49.832","18","2016-02-09T20:00:16.517","OK","0"
"396","9005520","9004955","2016-02-09T07:20:49.832","18","2016-02-09T20:00:17.551","OK","0"
"397","9005644","9004955","2016-02-09T07:20:49.833","18","2016-02-09T20:00:18.480","OK","0"
"398","9005731","9004955","2016-02-09T07:20:49.834","18","2016-02-09T20:00:18.703","OK","0"
"399","9005753","9004955","2016-02-09T07:20:49.835","18","2016-02-09T20:00:19.304","OK","0"
"400","9005754","9004955","2016-02-09T07:20:49.836","18","2016-02-09T20:00:19.894","OK","0"
"401","9005013","9004955","2016-02-09T07:20:49.867","18","2016-02-09T20:00:20.133","OK","0"
"402","9005420","9004955","2016-02-09T07:20:49.873","18","2016-02-09T20:00:20.355","OK","0"
"403","9005491","9004955","2016-02-09T07:20:49.874","18","2016-02-09T20:00:20.566","OK","0"
"404","9005495","9004955","2016-02-09T07:20:49.875","18","2016-02-09T20:00:20.775","OK","0"
"405","9005496","9004955","2016-02-09T07:20:49.876","18","2016-02-09T20:00:20.992","OK","0"
"406","9004134","9004955","2016-02-09T07:20:49.884","18","2016-02-09T20:00:21.427","OK","0"
"407","9004421","9004955","2016-02-09T07:20:49.887","18","2016-02-09T20:00:22.065","OK","0"
"408","9004671","9004955","2016-02-09T07:20:49.888","18","2016-02-09T20:00:22.508","OK","0"
"409","9005490","9004955","2016-02-09T07:20:49.889","18","2016-02-09T20:00:22.743","OK","0"
"410","9004186","9004955","2016-02-09T07:20:49.894","18","2016-02-09T20:00:22.988","OK","0"
"411","9004235","9004955","2016-02-09T07:20:49.895","18","2016-02-09T20:00:23.217","OK","0"
"412","9004320","9004955","2016-02-09T07:20:49.896","18","2016-02-09T20:00:23.447","OK","0"
"413","9004365","9004955","2016-02-09T07:20:49.897","18","2016-02-09T20:00:23.677","OK","0"
"414","9004630","9004955","2016-02-09T07:20:49.898","18","2016-02-09T20:00:23.920","OK","0"
"415","9005082","9004955","2016-02-09T07:20:49.900","18","2016-02-09T20:00:24.154","OK","0"
"416","9005170","9004955","2016-02-09T07:20:49.901","18","2016-02-09T20:00:24.552","OK","0"
"417","9005195","9004955","2016-02-09T07:20:49.901","18","2016-02-09T20:00:24.764","OK","0"
"418","9005384","9004955","2016-02-09T07:20:49.902","18","2016-02-09T20:00:25.000","OK","0"
"419","9005492","9004955","2016-02-09T07:20:49.904","18","2016-02-09T20:00:25.248","OK","0"
"420","9005665","9004955","2016-02-09T07:20:49.905","18","2016-02-09T20:00:25.470","OK","0"
"421","9005675","9004955","2016-02-09T07:20:49.908","18","2016-02-09T20:00:25.686","OK","0"
"422","9003573","9004735","2016-02-22T07:50:48.862","19","2016-02-22T20:00:00.999","OK","0"
"423","9004447","9004735","2016-02-22T07:50:48.864","19","2016-02-22T20:00:01.630","OK","0"
"424","9003534","9004735","2016-02-22T07:50:48.865","19","2016-02-22T20:00:03.397","OK","0"
"437","9005716","9004735","2016-03-08T14:30:54.405","20","2016-03-08T20:00:06.087","OK","0"
"438","9003712","9004735","2016-03-08T14:30:54.409","20","2016-03-08T20:00:06.877","OK","0"
"439","9005180","9004735","2016-03-08T14:30:54.411","20","2016-03-08T20:00:07.231","OK","0"
"440","9005526","9004735","2016-03-08T14:30:54.414","20","2016-03-08T20:00:07.523","OK","0"
"441","9003681","9004735","2016-03-08T14:30:54.422","20","2016-03-08T20:00:07.924","OK","0"
"442","9003305","9004735","2016-03-08T14:30:54.428","20","2016-03-08T20:00:08.629","OK","0"
"443","9004522","9004735","2016-03-08T14:30:54.444","20","2016-03-08T20:00:09.606","OK","0"
"444","9005321","9004735","2016-03-08T14:30:54.453","20","2016-03-08T20:00:09.911","OK","0"
"445","9005464","9004735","2016-03-08T14:30:54.454","20","2016-03-08T20:00:10.298","OK","0"
"446","9005475","9004735","2016-03-08T14:30:54.455","20","2016-03-08T20:00:10.749","OK","0"
"447","9003236","9004735","2016-03-08T14:30:54.457","20","2016-03-08T20:00:12.072","OK","0"
"448","9003869","9004735","2016-03-08T14:30:54.467","20","2016-03-08T20:00:12.335","OK","0"
"449","9004058","9004735","2016-03-08T14:30:54.470","20","2016-03-08T20:00:12.705","OK","0"
"450","9004476","9004735","2016-03-08T14:30:54.471","20","2016-03-08T20:00:13.142","OK","0"
"451","9004491","9004735","2016-03-08T14:30:54.472","20","2016-03-08T20:00:13.530","OK","0"
"452","9005282","9004735","2016-03-08T14:30:54.476","20","2016-03-08T20:00:13.744","OK","0"
"453","9005665","9004735","2016-03-08T14:30:54.480","20","2016-03-08T20:00:14.104","OK","0"
"454","9005729","9004735","2016-03-08T14:30:54.481","20","2016-03-08T20:00:14.799","OK","0"
"455","9005738","9004735","2016-03-08T14:30:54.481","20","2016-03-08T20:00:15.731","OK","0"
"456","9003578","9004735","2016-03-08T14:30:54.485","20","2016-03-08T20:00:16.316","OK","0"
"457","9004365","9004735","2016-03-08T14:30:54.487","20","2016-03-08T20:00:17.201","OK","0"
"458","9004540","9004735","2016-03-08T14:30:54.488","20","2016-03-08T20:00:17.606","OK","0"
"459","9005384","9004735","2016-03-08T14:30:54.489","20","2016-03-08T20:00:18.437","OK","0"
"460","9005656","9004735","2016-03-08T14:30:54.493","20","2016-03-08T20:00:18.710","OK","0"
"461","9005170","9004735","2016-03-08T14:30:54.500","20","2016-03-08T20:00:19.212","OK","0"
"462","9005644","9004735","2016-03-08T14:30:54.501","20","2016-03-08T20:00:19.465","OK","0"
"463","9005726","9004735","2016-03-08T14:30:54.506","20","2016-03-08T20:00:19.792","OK","0"
"464","9002418","9004735","2016-03-18T09:05:38.308","21","2016-03-18T20:00:00.511","OK","0"
"465","9002607","9004735","2016-03-18T09:05:38.310","21","2016-03-18T20:00:00.979","OK","0"
"466","9003088","9004735","2016-03-18T09:05:38.315","21","2016-03-18T20:00:01.258","OK","0"
"473","9003386","9004735","2016-03-18T09:05:38.324","21","2016-03-18T20:00:05.651","OK","0"
"474","9003408","9004735","2016-03-18T09:05:38.325","21","2016-03-18T20:00:05.940","OK","0"
"475","9004318","9004735","2016-03-18T09:05:38.326","21","2016-03-18T20:00:06.208","OK","0"
"476","9004340","9004735","2016-03-18T09:05:38.327","21","2016-03-18T20:00:06.534","OK","0"
"477","9004173","9004735","2016-03-18T09:05:38.328","21","2016-03-18T20:00:06.773","OK","0"
"478","9004472","9004735","2016-03-18T09:05:38.329","21","2016-03-18T20:00:07.051","OK","0"
"479","9002246","9004735","2016-03-18T09:05:38.329","21","2016-03-18T20:00:07.304","OK","0"
"480","9003417","9004735","2016-03-18T09:05:38.330","21","2016-03-18T20:00:07.597","OK","0"
"481","9004143","9004735","2016-03-18T09:05:38.331","21","2016-03-18T20:00:07.939","OK","0"
"482","9005760","9004735","2016-04-11T08:55:48.183","22","2016-04-11T20:00:03.918","OK","0"
"483","9003681","9004735","2016-04-11T08:55:48.185","22","2016-04-11T20:00:05.379","OK","0"
"484","9003712","9004735","2016-04-11T08:55:48.186","22","2016-04-11T20:00:06.393","OK","0"
"485","9004483","9004735","2016-04-11T08:55:48.187","22","2016-04-11T20:00:06.833","OK","0"
"488","9004728","9004735","2016-04-11T08:55:48.192","22","2016-04-11T20:00:10.266","OK","0"
"492","9003578","9004735","2016-04-11T08:55:48.206","22","2016-04-11T20:00:17.479","OK","0"
"496","9004522","9004735","2016-04-11T08:55:48.213","22","2016-04-11T20:00:23.915","OK","0"
"499","9005366","9004735","2016-04-11T08:55:48.224","22","2016-04-11T20:00:26.683","OK","0"
"500","9005475","9004735","2016-04-11T08:55:48.226","22","2016-04-11T20:00:26.972","OK","0"
"501","9005676","9004735","2016-04-11T08:55:48.227","22","2016-04-11T20:00:27.357","OK","0"
"502","9005729","9004735","2016-04-11T08:55:48.234","22","2016-04-11T20:00:29.439","OK","0"
"503","9005738","9004735","2016-04-11T08:55:48.235","22","2016-04-11T20:00:30.594","OK","0"
"504","9005751","9004735","2016-04-11T08:55:48.236","22","2016-04-11T20:00:30.917","OK","0"
"505","9004491","9004735","2016-04-11T08:55:48.247","22","2016-04-11T20:00:31.240","OK","0"
"506","9004540","9004735","2016-04-11T08:55:48.248","22","2016-04-11T20:00:33.496","OK","0"
"507","9004989","9004735","2016-04-11T08:55:48.251","22","2016-04-11T20:00:34.147","OK","0"
"508","9005644","9004735","2016-04-11T08:55:48.262","22","2016-04-11T20:00:34.491","OK","0"
"509","9004548","9004735","2016-04-11T08:55:48.266","22","2016-04-11T20:00:34.771","OK","0"
"510","9005740","9004735","2016-04-11T08:55:48.269","22","2016-04-11T20:00:35.057","OK","0"
"511","9004421","9004735","2016-04-11T08:55:48.271","22","2016-04-11T20:00:35.377","OK","0"
"512","9004142","9004735","2016-04-11T08:55:48.273","22","2016-04-11T20:00:35.745","OK","0"
"513","9005492","9004735","2016-04-11T08:55:48.274","22","2016-04-11T20:00:36.076","OK","0"
"558","9004634","9004955","2016-05-19T11:15:44.847","25","2016-05-19T20:00:08.967","OK","0"
"560","9004529","9004955","2016-05-19T11:15:44.849","25","2016-05-19T20:00:09.524","OK","0"
"561","9002246","9004955","2016-05-19T11:15:44.850","25","2016-05-19T20:00:10.225","OK","0"
"563","9003386","9004955","2016-05-19T11:15:44.852","25","2016-05-19T20:00:10.802","OK","0"
"564","9004143","9004955","2016-05-19T11:15:44.853","25","2016-05-19T20:00:11.087","OK","0"
"514","9003769","9003742","2016-04-20T08:10:38.735","23","2016-04-20T20:00:00.595","OK","0"
"515","9004402","9003742","2016-04-20T08:10:38.742","23","2016-04-20T20:00:01.357","OK","0"
"516","9004529","9003742","2016-04-20T08:10:38.744","23","2016-04-20T20:00:02.455","OK","0"
"517","9005101","9003742","2016-04-20T08:10:38.746","23","2016-04-20T20:00:05.164","OK","0"
"518","9004634","9003742","2016-04-20T08:10:38.748","23","2016-04-20T20:00:05.905","OK","0"
"519","9004131","9003742","2016-04-20T08:10:38.751","23","2016-04-20T20:00:06.300","OK","0"
"520","9004173","9003742","2016-04-20T08:10:38.754","23","2016-04-20T20:00:06.968","OK","0"
"521","9004241","9003742","2016-04-20T08:10:38.755","23","2016-04-20T20:00:08.488","OK","0"
"522","9003088","9003742","2016-04-20T08:10:38.758","23","2016-04-20T20:00:08.876","OK","0"
"523","9004280","9003742","2016-04-20T08:10:38.761","23","2016-04-20T20:00:12.068","OK","0"
"524","9004447","9003742","2016-04-20T08:10:38.762","23","2016-04-20T20:00:13.622","OK","0"
"525","9004472","9003742","2016-04-20T08:10:38.763","23","2016-04-20T20:00:13.970","OK","0"
"526","9002246","9003742","2016-04-20T08:10:38.765","23","2016-04-20T20:00:14.258","OK","0"
"527","9003410","9004955","2016-05-10T08:55:55.960","24","2016-05-10T20:00:01.577","OK","0"
"528","9004002","9004955","2016-05-10T08:55:55.961","24","2016-05-10T20:00:04.217","OK","0"
"529","9003953","9004955","2016-05-10T08:55:55.962","24","2016-05-10T20:00:06.171","OK","0"
"530","9005716","9004955","2016-05-10T08:55:55.967","24","2016-05-10T20:00:15.766","OK","0"
"531","9003305","9004955","2016-05-10T08:55:55.971","24","2016-05-10T20:00:17.113","OK","0"
"532","9004483","9004955","2016-05-10T08:55:55.973","24","2016-05-10T20:00:19.530","OK","0"
"533","9004522","9004955","2016-05-10T08:55:55.975","24","2016-05-10T20:00:23.933","OK","0"
"534","9004744","9004955","2016-05-10T08:55:55.977","24","2016-05-10T20:00:27.659","OK","0"
"535","9005076","9004955","2016-05-10T08:55:55.983","24","2016-05-10T20:00:28.150","OK","0"
"536","9005341","9004955","2016-05-10T08:55:55.984","24","2016-05-10T20:00:28.554","OK","0"
"537","9004079","9004955","2016-05-10T08:55:55.987","24","2016-05-10T20:00:28.908","OK","0"
"538","9004540","9004955","2016-05-10T08:55:55.988","24","2016-05-10T20:00:30.325","OK","0"
"539","9004594","9004955","2016-05-10T08:55:55.989","24","2016-05-10T20:00:30.651","OK","0"
"540","9003236","9004955","2016-05-10T08:55:55.997","24","2016-05-10T20:00:32.373","OK","0"
"541","9003578","9004955","2016-05-10T08:55:56.003","24","2016-05-10T20:00:34.080","OK","0"
"542","9004365","9004955","2016-05-10T08:55:56.008","24","2016-05-10T20:00:34.553","OK","0"
"543","9004421","9004955","2016-05-10T08:55:56.009","24","2016-05-10T20:00:36.963","OK","0"
"544","9005644","9004955","2016-05-10T08:55:56.016","24","2016-05-10T20:00:39.577","OK","0"
"545","9005738","9004955","2016-05-10T08:55:56.020","24","2016-05-10T20:00:40.034","OK","0"
"546","9005170","9004955","2016-05-10T08:55:56.029","24","2016-05-10T20:00:41.837","OK","0"
"547","9005624","9004955","2016-05-10T08:55:56.031","24","2016-05-10T20:00:42.097","OK","0"
"548","9005665","9004955","2016-05-10T08:55:56.031","24","2016-05-10T20:00:42.354","OK","0"
"549","9004631","9004955","2016-05-10T08:55:56.035","24","2016-05-10T20:00:42.789","OK","0"
"550","9004989","9004955","2016-05-10T08:55:56.036","24","2016-05-10T20:00:43.868","OK","0"
"551","9005532","9004955","2016-05-10T08:55:56.038","24","2016-05-10T20:00:46.289","OK","0"
"552","9005666","9004955","2016-05-10T08:55:56.039","24","2016-05-10T20:00:46.620","OK","0"
"553","9003417","9004955","2016-05-19T11:15:44.841","25","2016-05-19T20:00:03.734","OK","0"
"554","9004173","9004955","2016-05-19T11:15:44.843","25","2016-05-19T20:00:05.718","OK","0"
"555","9004241","9004955","2016-05-19T11:15:44.844","25","2016-05-19T20:00:06.258","OK","0"
"556","9004280","9004955","2016-05-19T11:15:44.845","25","2016-05-19T20:00:07.180","OK","0"
"557","9004472","9004955","2016-05-19T11:15:44.846","25","2016-05-19T20:00:08.209","OK","0"
"559","9004402","9004955","2016-05-19T11:15:44.848","25","2016-05-19T20:00:09.263","OK","0"
"562","9003088","9004955","2016-05-19T11:15:44.851","25","2016-05-19T20:00:10.472","OK","0"
"565","9004145","9004955","2016-05-19T11:15:44.854","25","2016-05-19T20:00:11.316","OK","0"
"566","9004447","9004955","2016-05-19T11:15:44.856","25","2016-05-19T20:00:11.810","OK","0"
"567","9004474","9004955","2016-05-19T11:15:44.857","25","2016-05-19T20:00:12.075","OK","0"
"568","9005096","9004955","2016-05-19T11:15:44.858","25","2016-05-19T20:00:12.361","OK","0"
"569","9003883","9004955","2016-05-19T11:15:44.859","25","2016-05-19T20:00:12.876","OK","0"
"570","9004144","9004955","2016-05-19T11:15:44.860","25","2016-05-19T20:00:13.139","OK","0"
"571","9003681","9004955","2016-06-09T12:06:00.244","26","2016-06-09T20:00:03.802","OK","0"
"572","9003305","9004955","2016-06-09T12:06:00.248","26","2016-06-09T20:00:06.097","OK","0"
"573","9004522","9004955","2016-06-09T12:06:00.250","26","2016-06-09T20:00:08.763","OK","0"
"574","9005180","9004955","2016-06-09T12:06:00.253","26","2016-06-09T20:00:09.665","OK","0"
"575","9004540","9004955","2016-06-09T12:06:00.255","26","2016-06-09T20:00:10.865","OK","0"
"576","9005716","9004955","2016-06-09T12:06:00.257","26","2016-06-09T20:00:14.164","OK","0"
"577","9004594","9004955","2016-06-09T12:06:00.259","26","2016-06-09T20:00:14.566","OK","0"
"578","9005773","9004955","2016-06-09T12:06:00.263","26","2016-06-09T20:00:17.246","OK","0"
"579","9003578","9004955","2016-06-09T12:06:00.265","26","2016-06-09T20:00:20.403","OK","0"
"580","9005624","9004955","2016-06-09T12:06:00.268","26","2016-06-09T20:00:21.082","OK","0"
"581","9005738","9004955","2016-06-09T12:06:00.270","26","2016-06-09T20:00:21.391","OK","0"
"582","9005769","9004955","2016-06-09T12:06:00.271","26","2016-06-09T20:00:21.911","OK","0"
"583","9003236","9004955","2016-06-09T12:06:00.276","26","2016-06-09T20:00:22.836","OK","0"
"584","9003712","9004955","2016-06-09T12:06:00.286","26","2016-06-09T20:00:23.627","OK","0"
"585","9003721","9004955","2016-06-09T12:06:00.288","26","2016-06-09T20:00:23.924","OK","0"
"586","9003869","9004955","2016-06-09T12:06:00.295","26","2016-06-09T20:00:25.027","OK","0"
"587","9004134","9004955","2016-06-09T12:06:00.301","26","2016-06-09T20:00:25.343","OK","0"
"588","9004142","9004955","2016-06-09T12:06:00.303","26","2016-06-09T20:00:25.635","OK","0"
"589","9004160","9004955","2016-06-09T12:06:00.304","26","2016-06-09T20:00:25.925","OK","0"
"590","9004178","9004955","2016-06-09T12:06:00.306","26","2016-06-09T20:00:26.260","OK","0"
"591","9004237","9004955","2016-06-09T12:06:00.308","26","2016-06-09T20:00:27.134","OK","0"
"592","9004260","9004955","2016-06-09T12:06:00.309","26","2016-06-09T20:00:27.435","OK","0"
"593","9004317","9004955","2016-06-09T12:06:00.310","26","2016-06-09T20:00:27.739","OK","0"
"594","9004421","9004955","2016-06-09T12:06:00.312","26","2016-06-09T20:00:28.164","OK","0"
"595","9004476","9004955","2016-06-09T12:06:00.313","26","2016-06-09T20:00:28.792","OK","0"
"596","9004491","9004955","2016-06-09T12:06:00.315","26","2016-06-09T20:00:29.691","OK","0"
"597","9004645","9004955","2016-06-09T12:06:00.318","26","2016-06-09T20:00:30.459","OK","0"
"598","9004962","9004955","2016-06-09T12:06:00.319","26","2016-06-09T20:00:30.727","OK","0"
"599","9005610","9004955","2016-06-09T12:06:00.334","26","2016-06-09T20:00:30.963","OK","0"
"600","9005644","9004955","2016-06-09T12:06:00.338","26","2016-06-09T20:00:31.468","OK","0"
"601","9005729","9004955","2016-06-09T12:06:00.349","26","2016-06-09T20:00:31.757","OK","0"
"602","9005739","9004955","2016-06-09T12:06:00.351","26","2016-06-09T20:00:32.021","OK","0"
"603","9005741","9004955","2016-06-09T12:06:00.353","26","2016-06-09T20:00:32.360","OK","0"
"604","9005758","9004955","2016-06-09T12:06:00.354","26","2016-06-09T20:00:32.614","OK","0"
"605","9005760","9004955","2016-06-09T12:06:00.356","26","2016-06-09T20:00:33.063","OK","0"
"606","9003953","9004955","2016-06-09T12:06:00.362","26","2016-06-09T20:00:33.340","OK","0"
"607","9004058","9004955","2016-06-09T12:06:00.364","26","2016-06-09T20:00:33.596","OK","0"
"608","9005076","9004955","2016-06-09T12:06:00.370","26","2016-06-09T20:00:33.850","OK","0"
"609","9005170","9004955","2016-06-09T12:06:00.373","26","2016-06-09T20:00:34.118","OK","0"
"610","9005321","9004955","2016-06-09T12:06:00.376","26","2016-06-09T20:00:35.796","OK","0"
"611","9005341","9004955","2016-06-09T12:06:00.377","26","2016-06-09T20:00:36.092","OK","0"
"612","9004787","9004955","2016-06-09T12:06:00.384","26","2016-06-09T20:00:36.392","OK","0"
"613","9005420","9004955","2016-06-09T12:06:00.386","26","2016-06-09T20:00:36.875","OK","0"
"614","9005676","9004955","2016-06-09T12:06:00.387","26","2016-06-09T20:00:37.183","OK","0"
"615","9004600","9004955","2016-06-09T12:06:00.392","26","2016-06-09T20:00:37.547","OK","0"
"617","9003873","9004955","2016-06-09T12:06:00.397","26","2016-06-09T20:00:38.026","OK","0"
"619","9004989","9004955","2016-06-09T12:06:00.400","26","2016-06-09T20:00:39.153","OK","0"
"620","9005490","9004955","2016-06-09T12:06:00.401","26","2016-06-09T20:00:39.402","OK","0"
"622","9005495","9004955","2016-06-09T12:06:00.403","26","2016-06-09T20:00:39.924","OK","0"
"623","9005496","9004955","2016-06-09T12:06:00.404","26","2016-06-09T20:00:40.199","OK","0"
"616","9003861","9004955","2016-06-09T12:06:00.396","26","2016-06-09T20:00:37.796","OK","0"
"618","9005491","9004955","2016-06-09T12:06:00.398","26","2016-06-09T20:00:38.535","OK","0"
"621","9005492","9004955","2016-06-09T12:06:00.402","26","2016-06-09T20:00:39.662","OK","0"
"624","9003200","9004955","2016-06-20T13:55:41.126","27","2016-06-20T20:00:06.564","OK","0"
"625","9004131","9004955","2016-06-20T13:55:41.128","27","2016-06-20T20:00:08.297","OK","0"
"626","9002607","9004955","2016-06-20T13:55:41.129","27","2016-06-20T20:00:09.819","OK","0"
"627","9003386","9004955","2016-06-20T13:55:41.130","27","2016-06-20T20:00:10.377","OK","0"
"628","9004173","9004955","2016-06-20T13:55:41.131","27","2016-06-20T20:00:12.433","OK","0"
"629","9004241","9004955","2016-06-20T13:55:41.133","27","2016-06-20T20:00:12.985","OK","0"
"630","9004472","9004955","2016-06-20T13:55:41.134","27","2016-06-20T20:00:15.229","OK","0"
"631","9004474","9004955","2016-06-20T13:55:41.135","27","2016-06-20T20:00:15.971","OK","0"
"632","9003339","9004955","2016-06-20T13:55:41.136","27","2016-06-20T20:00:18.205","OK","0"
"633","9004447","9004955","2016-06-20T13:55:41.137","27","2016-06-20T20:00:18.668","OK","0"
"634","9004634","9004955","2016-06-20T13:55:41.138","27","2016-06-20T20:00:20.325","OK","0"
"635","9003304","9004955","2016-06-20T13:55:41.139","27","2016-06-20T20:00:20.594","OK","0"
